-8953,12293,-3064
-8697,12293,-3320
-8953,12037,-3832
-9209,11269,-4088
-9465,10757,-4344
-9721,11013,-4344
-9721,10757,-4088
-9209,10501,-3576
-9465,9221,-3832
-9721,8965,-3832
-10233,8709,-3576
-10489,8197,-3576
-10489,6917,-3064
-9977,6917,-2808
-10233,7429,-2552
-10489,7941,-2296
-10489,7941,-2552
-10745,8197,-2552
-10745,8197,-2296
-9977,8709,-2808
-9465,9221,-3320
-9721,9221,-3320
-9465,9477,-3064
-9465,9221,-3064
-9465,9221,-3832
-9721,8965,-3832
-9721,9221,-3576
-9977,8709,-3576
-9977,8453,-3320
-9977,8453,-3320
-9977,8197,-3064
-9721,7685,-3320
-9721,7429,-3832
-10489,6405,-3832
-11001,6405,-3576
-11001,6405,-2808
-10489,6405,-1528
-10745,6149,-1272
-10745,5893,-760
-11001,5381,8
-11000,4869,264
-11256,4357,264
-11512,4101,264
-11256,4101,-504
-11257,3845,-1272
-11769,3845,-2040
-11769,4869,-2040
-11513,5125,-1784
-11001,4869,-1784
-10489,5125,-1784
-10745,5125,-2040
-10489,5125,-2040
-11001,4869,-1272
-11257,4357,-1272
-11513,4357,-1272
-11513,4869,-504
-11513,5893,1288
-10488,6917,2056
-9464,11525,-2296
-9465,15109,-11768
-8953,20997,-25848
-6393,30981,20744
-3321,-20475,-2296
-762,-4347,-26872
1798,11782,16905
5382,25606,1545
7942,-30970,-8439
8965,-26618,-14583
9221,-25082,-18679
9733,-25082,-19959
8453,-28410,-19959
7685,32006,-18167
6405,26630,-14327
6149,22278,-9207
7173,18694,-4087
8453,15366,9
9990,12294,5385
10758,9990,13321
10758,5126,23049
10246,-4858,-31480
8454,-17146,-19192
5382,-29690,-5880
4102,32262,-1528
6,10502,18184
-1529,517,28168
-3577,-6395,-28153
-5625,-11003,-19705
-6649,-15867,-12537
-7673,-19963,-5881
-10233,-23803,1031
-11768,-25083,7175
-12536,-26107,12295
-12792,-27387,16391
-13816,-27387,20487
-15096,-25851,24583
-16120,-24315,27143
-16120,-22779,29191
-15864,-20987,30727
-16376,-19451,-32761
-16376,-18939,-31737
-16376,-19195,-30969
-15864,-20731,-29945
-15864,-22011,-27385
-15608,-23035,-25337
-15864,-23803,-23801
-16376,-24827,-22009
-16632,-26619,-19961
-16888,-27131,-18681
-17400,-29947,-14585
-17144,-31995,-12281
-17912,31493,-9977
-18680,29957,-7417
-18680,28677,-4857
-18680,27141,-3065
-19960,25349,-249
-20728,24069,2311
-20727,23813,3335
-20471,22533,4103
-20727,22277,4871
-20983,21509,6407
-20983,21509,6407
-20983,23045,6407
-21239,25605,5383
-20727,28165,3591
-20727,30725,1543
-19959,-31483,-761
-19192,-28155,-3577
-17912,-24315,-6649
-17400,-21755,-9465
-16376,-18683,-12793
-15608,-15611,-16633
-15608,-12795,-22009
-15352,-11771,-23545
-14840,-7675,-30713
-14072,-4091,30215
-13560,-1531,26631
-13048,1285,23560
-12792,3077,20744
-12024,5125,17416
-11512,6661,15368
-10744,6661,13576
-10744,6917,12296
-10232,7173,11016
-9720,6917,9224
-9464,6917,8456
-8952,7685,7944
-8952,8197,7432
-9208,8453,6408
-8952,8197,6152
-9464,8197,5896
-9464,8197,5896
-9464,8197,5640
-9464,7941,5640
-9464,8453,5896
-9208,8709,5640
-9464,8709,5128
-9464,9221,4872
-9208,9733,4616
-8952,10501,4360
-9208,10757,3592
-9208,11013,3592
-9208,12037,3336
-8952,12549,3848
-8696,12805,4616
-8440,13061,6920
-7672,14853,6664
-7672,16901,1288
-6904,20229,-11000
-6137,26885,-27896
-4345,-27387,15624
-2041,-12539,-9720
1030,3078,30985
3334,16902,10761
5894,27910,-3063
7173,-30458,-12279
7941,-26618,-18679
8197,-25338,-22263
7941,-26362,-23543
8197,-28922,-23031
7941,32518,-20727
7429,27142,-15607
7685,22534,-9975
8197,20998,-8439
10245,14342,-759
10501,9478,7177
9990,3590,17417
9478,-4858,28936
8198,-16122,-24568
6662,-27642,-11512
3846,27142,1544
2567,19206,13576
775,12038,22792
-1017,5893,32008
-2809,517,-23800
-3833,-4091,-14585
-5881,-8955,-7161
-7417,-13051,7
-8952,-15355,6663
-9208,-16635,12807
-9976,-17915,16903
-11256,-18939,20743
-13048,-18939,25095
-13560,-17915,28935
-13816,-16635,31495
-13816,-15867,-32505
-14584,-15867,-30457
-14840,-16891,-27897
-14840,-17403,-27385
-14584,-19195,-24057
-14840,-20475,-20985
-16376,-21755,-18425
-17400,-23291,-16121
-17400,-24315,-14841
-17144,-24827,-13049
-17400,-26107,-9977
-18936,-27131,-7161
-19960,-28923,-5881
-19704,-30459,-4345
-19960,-31483,-2297
-20728,-32251,-1529
-21240,32517,-1529
-21240,32517,-1529
-20472,-32507,-1785
-20472,-31227,-1529
-20472,-28923,-1273
-19704,-26107,-3065
-18424,-23035,-5881
-17400,-19707,-7417
-17144,-15867,-8697
-16376,-11771,-11769
-15608,-8187,-16121
-15096,-4603,-19449
-15096,-3323,-19705
-13816,2565,-25336
-13048,5381,-29688
-12280,6661,32008
-11768,7941,29960
-11768,8965,27400
-10744,9989,23304
-9720,10245,20488
-9464,10501,18952
-9464,10501,17672
-9464,10501,14600
-9464,10757,12040
-9208,10501,12296
-9208,9221,12552
-8952,8197,11272
-9208,7429,9992
-9464,7173,9480
-9208,6405,9992
-8952,6405,9736
-9720,6405,8456
-9720,8197,8200
-9464,8709,8200
-9208,8453,8456
-9464,8453,8200
-9464,9477,7688
-9208,9477,7432
-8952,9221,7176
-8952,9221,7176
-9976,9221,5640
-10232,9733,4360
-9720,9989,2824
-9464,11013,1544
-9208,12037,1032
-9208,12037,8
-8952,11781,-1016
-8953,12293,-1784
-8953,12549,-2040
-8953,12293,-2552
-8441,12293,-2808
-7161,12293,-3064
-7417,12037,-760
-7673,12293,1032
-8184,12805,264
-7928,15365,-5880
-6393,19461,-17656
-4601,26117,31496
-3065,-28155,9992
-249,-13307,-15352
3334,3334,25609
7174,17926,6665
7686,21766,1801
10758,-31226,-14583
11525,-28154,-19447
11525,-27898,-22007
11781,-28922,-22007
10501,-31738,-21495
9733,29446,-19447
9989,25094,-15095
10245,20998,-9719
10501,17926,-5367
12037,16134,-1783
13317,14086,5641
13318,10758,15881
13318,4102,27145
12294,-5882,-27128
10246,-17914,-14072
6918,-30714,264
3847,21766,12296
1543,11270,22792
-1017,2053,-32760
-2041,-5371,-22521
-3321,-11003,-13305
-5113,-16123,-6905
-7161,-20731,-249
-9209,-23547,7175
-9976,-24059,9735
-11000,-25339,15623
-12024,-25851,18439
-13304,-25595,22791
-14584,-24315,27655
-14584,-21755,30471
-14584,-19963,32007
-15352,-19707,-30969
-15608,-19963,-28409
-15608,-19451,-26617
-15352,-19963,-25337
-15352,-21755,-22521
-15864,-23803,-19449
-16632,-25083,-16889
-16632,-26363,-15865
-17144,-29179,-13049
-18168,-32763,-8953
-19704,30469,-6649
-19960,29701,-4601
-19448,28165,-2297
-18680,26373,1031
-18935,25349,3335
-18679,25605,3591
-18935,25349,4103
-19447,26117,6407
-19703,26629,7687
-19703,28677,7943
-19703,30213,6663
-19703,32517,5383
-19447,-29947,3335
-18167,-25595,-1017
-16376,-21243,-4857
-15096,-17403,-7161
-15352,-13307,-10489
-15608,-9723,-14585
-14072,-5627,-18681
-13048,-2811,-22265
-12536,-507,-25593
-12536,2053,-28920
-12024,4101,-32504
-11512,5125,30472
-10488,6149,28168
-10232,6661,24840
-11000,7173,20488
-11512,7685,17928
-11000,7941,15880
-9976,8197,12808
-9464,8709,9992
-9464,8965,8712
-9208,9221,8456
-9464,9221,8456
-9464,8197,6920
-9464,7429,6152
-9464,7429,6408
-9208,7429,6664
-8440,7173,6664
-8696,7173,6920
-9720,7173,6664
-9976,7429,5640
-9720,8197,5128
-9464,9733,4360
-8952,11013,4104
-7416,11013,3848
-6648,11525,3592
-6904,12293,3592
-6648,13061,3848
-6648,13829,3848
-7160,13829,4104
-6904,14085,3080
-6648,14853,2568
-6392,14597,2568
-6648,14341,2568
-6904,14341,1544
-6904,14085,520
-6136,15109,-248
-5369,15365,8
-5368,14597,-248
-5881,13573,-760
-6649,12293,-1016
-7161,11525,-504
-7417,11269,-760
-7417,10757,-760
-7417,10501,-1016
-7417,10245,8
-7672,10501,1544
-6904,11013,3848
-6904,12293,2824
-5880,14597,-4088
-5881,17925,-15352
-5625,24837,-30712
-3577,-29947,14600
-3577,-17915,-10232
-3578,-4603,31496
-2042,7941,12809
-506,15877,265
262,19462,-8695
261,19462,-13303
-1531,16645,-14839
-4347,10501,-14071
-5883,3333,-10999
-6907,1029,-9719
-8699,-12283,520
-8186,-19195,7176
-6138,-22267,12808
-3322,-23547,18184
-1786,-25595,25096
-1530,-28923,-30968
-762,31237,-20216
518,23814,-9464
518,14598,2824
-505,4357,14856
-2041,-4347,25095
-3065,-9979,-31225
-3321,-14331,-23289
-3833,-18939,-15353
-4345,-22011,-8441
-4857,-24571,-1529
-5369,-26107,4871
-5880,-26363,10759
-5624,-26363,15367
-6136,-26107,18951
-7160,-24571,23047
-8696,-23035,26887
-10232,-22011,30727
-10232,-19707,-32505
-10744,-18427,-32249
-11512,-17403,-29945
-11512,-18427,-28665
-11768,-19963,-27385
-11256,-20731,-25849
-9976,-22267,-23545
-10232,-24059,-21497
-12280,-25851,-19705
-14072,-27387,-17913
-14584,-28667,-16121
-14584,-30203,-13561
-14840,-31739,-12281
-15096,32261,-10745
-14840,30981,-8697
-14584,29189,-6649
-15608,27909,-4601
-16376,26117,-3321
-16888,25605,-1785
-16376,25605,-761
-16632,25861,7
-16119,27397,7
-15351,29701,263
-13559,-32251,-1017
-12792,-29435,-3577
-12792,-27131,-6393
-13048,-26107,-7161
-13560,-19963,-11513
-13816,-16379,-14841
-13560,-13051,-19193
-12024,-9723,-22777
-10744,-6139,-25593
-10744,-3067,-29177
-10744,-1275,32263
-10744,773,28680
-10488,2821,25864
-10488,4357,23048
-9720,4357,20232
-9720,4357,18184
-9720,4613,16648
-9464,5125,14856
-9464,5125,12808
-8952,5125,10760
-8696,4869,10504
-7928,6405,9992
-8184,6149,8712
-8952,5381,7688
-8952,4357,7944
-8952,4613,7688
-8696,4869,7176
-8184,3845,6152
-7928,2821,6408
-8440,2821,6664
-8952,3333,5640
-8952,4613,4104
-7672,6661,3848
-7160,7941,4104
-7160,8965,3336
-6904,9733,2824
-6904,9989,2312
-7160,9989,2056
-7416,11013,2056
-7672,11013,2312
-7672,11525,1544
-8184,12549,1032
-7928,13317,520
-7928,13317,520
-8184,13061,264
-8440,12805,264
-7416,12805,520
-6392,13061,520
-6136,12805,776
-6392,12549,776
-6392,11781,1032
-6392,9733,1288
-6648,8453,1544
-7416,8453,2312
-7672,7429,2056
-7672,6405,776
-7928,5381,-1528
-9209,5637,-2808
-9721,5381,-3064
-9209,4613,-3064
-8953,3845,-3320
-8953,3589,-3320
-8953,4101,-3320
-9465,3845,-3064
-9465,3589,-3064
-9465,3077,-2040
-9465,2565,-1528
-9465,2309,-1016
-9209,1541,-760
-9209,1285,-760
-8953,1029,8
-9464,1029,264
-9720,1029,-248
-9977,2309,-760
-9209,3333,-1016
-8185,4613,-1016
-8185,5125,-1272
-8441,5381,-1016
-8441,5381,-1272
-7673,5637,-1016
-7929,5893,-1016
-8441,5893,8
-8184,6405,1800
-7672,8197,2824
-7928,9989,1288
-7160,12293,-4600
-7161,16389,-16120
-7929,23045,-31992
-8185,-31739,12808
-7161,-17659,-10488
-3834,-2555,31752
-762,11013,13321
262,18694,1033
262,20486,-5367
5,18950,-8439
-1275,13829,-8695
-3579,6405,-7671
-5371,-2299,-4600
-5627,-9979,776
-5626,-16635,6408
-5370,-22779,12040
-5114,-27899,17160
-2298,-29179,21512
-1274,-29435,22792
-250,-32507,-32248
6,27654,-24056
774,20998,-13816
774,12550,-3064
-1274,2053,8200
-4601,-7419,18951
-5369,-14587,28679
-5113,-19451,-28409
-5369,-23035,-20729
-6649,-25851,-13305
-6905,-27131,-6905
-7161,-27387,-249
-7673,-27387,5383
-8696,-27643,9479
-9464,-27387,13831
-9464,-26107,17927
-9464,-25339,21767
-9976,-24571,25095
-11256,-23035,28423
-12536,-20731,30983
-12536,-20219,-32761
-12536,-20219,-31225
-12792,-20475,-29945
-12792,-20987,-28153
-12536,-21499,-27641
-12024,-22779,-24569
-12280,-23291,-22265
-12536,-24827,-19449
-13048,-26363,-16633
-13560,-28667,-14329
-14072,-30459,-11257
-14072,-32251,-8697
-15352,31237,-5881
-15608,29189,-3065
-15864,26885,7
-16119,25349,2567
-16631,24325,5639
-16887,22789,7943
-17399,21509,9479
-17911,20741,11527
-18679,20229,12551
-19703,19461,13063
-19959,19461,13063
-19959,20485,11527
-19703,23045,8711
-19447,25349,5127
-19447,28165,1799
-18935,32005,-2553
-17400,-28155,-7161
-17400,-26619,-8697
-16120,-18683,-15609
-15864,-14587,-19705
-14328,-10491,-24569
-13560,-6907,-29433
-13048,-4603,31751
-12024,-2299,28167
-11512,5,23816
-10744,2309,20232
-10488,3845,17672
-9976,4357,15368
-9464,5125,12808
-9208,5893,10760
-9464,6149,9224
-9720,6405,8456
-8952,7685,7688
-8440,8709,6408
-8440,8453,6152
-8440,8453,5896
-8440,8453,5384
-7928,9221,4872
-7672,9477,4872
-7672,9477,4616
-7928,9221,4360
-8184,9221,3848
-8696,9477,3592
-8440,9477,3592
-8184,9477,3848
-8184,10245,4616
-8440,11013,4872
-7928,11013,5896
-6392,10757,6920
-6136,11781,8456
-6648,12293,9224
-6904,12805,8200
-6648,14853,1032
-5624,19717,-12280
-5113,29445,-31480
-4345,-23035,10248
-2297,-7931,-15096
1542,9478,26633
4102,23814,7689
5638,-32762,-3831
7173,-27898,-11255
9221,-25594,-16119
9477,-25082,-18935
8965,-27130,-19959
7941,-32250,-18679
7429,26886,-15863
7429,21254,-10999
7173,19718,-9207
8197,12550,-2039
9221,8966,3593
10758,5382,11529
10758,518,21769
9478,-8186,-32504
7686,-19962,-19960
5382,-31226,-6904
3334,25094,5896
1287,17158,16648
-761,9733,25864
-1273,4101,-30968
-2297,-1275,-21241
-4089,-6395,-12281
-5881,-11771,-3577
-7673,-15867,3847
-8952,-18683,10503
-9976,-20219,15367
-10488,-21499,19975
-11256,-22011,24327
-12024,-21499,28935
-13048,-20731,32263
-14072,-19963,-31225
-14840,-19963,-28921
-14840,-20219,-26617
-15096,-20219,-25593
-15608,-22523,-22265
-16120,-24315,-20217
-15864,-24827,-17657
-15864,-24827,-14585
-16632,-25851,-12281
-17912,-28155,-10489
-18424,-29179,-7673
-18680,-30459,-4601
-18936,-32251,-2809
-19448,30981,-1785
-19192,30213,-1017
-19960,29957,263
-19959,29189,519
-20727,28421,519
-20471,28421,1287
-20471,29957,1287
-20215,32517,1031
-19959,-31227,-505
-19960,-29179,-3321
-19448,-25339,-5369
-18168,-20475,-7161
-17656,-16891,-10233
-17656,-13819,-14073
-16376,-9979,-17657
-15608,-8187,-18425
-14584,-2811,-24569
-13816,-507,-28921
-12792,1029,-32504
-11512,3845,30728
-11256,4869,27656
-11256,4869,23816
-11000,5381,21256
-10744,5893,19464
-10744,6405,17928
-10744,6405,15368
-10232,5893,13320
-9720,5125,12808
-9208,4869,12040
-8952,3845,11016
-9464,3333,9992
-9976,3077,9224
-9976,3077,8968
-9720,3845,8968
-9464,5637,8712
-8952,6149,8456
-8440,6661,9224
-8696,6917,9480
-8952,6917,9224
-9208,7173,8456
-9208,6917,8456
-8952,7429,8456
-8952,7941,8200
-8696,8197,7432
-8952,8453,5640
-8952,8965,4104
-8696,9733,2824
-8696,10501,1288
-8696,11525,8
-8440,11525,-760
-8953,11525,-1016
-9209,12037,-1784
-9209,12293,-2552
-8953,12037,-2552
-8953,12037,-2808
-8953,11781,-3320
-9209,11269,-3832
-8953,11525,-3832
-9209,11013,-3832
-9209,10501,-3576
-9209,10501,-3320
-8953,9989,-3320
-8697,9733,-3064
-8441,9733,-2808
-8185,9989,-3064
-8185,9477,-2552
-8441,7941,-2040
-9209,7429,-2040
-9465,7429,-1784
-9209,7173,-760
-8953,6917,-760
-9209,7173,776
-8696,7941,2312
-8440,9989,2568
-8184,12549,8
-7672,16133,-8184
-6649,21765,-22776
-4857,30725,23304
-2041,-21499,520
1031,-5370,-23800
4102,11270,19209
7174,25350,2057
9734,-30202,-8183
11269,-24570,-13559
12037,-22522,-17399
12037,-23034,-19703
11269,-24570,-19447
9221,-28666,-17399
9221,32518,-13303
9477,27654,-9719
9221,26118,-8695
9477,20230,-1271
11013,17926,3081
12806,15366,9737
12806,10758,18697
10758,1798,29449
8198,-9210,-23544
7174,-21754,-10744
4870,30726,1288
1799,17926,13064
-761,7173,23816
-1785,-763,-32249
-2553,-6651,-23801
-3577,-11515,-14841
-5625,-16635,-6393
-6905,-19963,1543
-7928,-22267,7943
-9464,-23547,13575
-11256,-24827,18695
-12280,-25851,22791
-13304,-26107,26631
-13816,-24315,30983
-15096,-22267,-31737
-15608,-20987,-29945
-15608,-20987,-28153
-15864,-20987,-27897
-16376,-21499,-24825
-16888,-23035,-22521
-17144,-25339,-20729
-17144,-27131,-18425
-16888,-28411,-16377
-17656,-29947,-13561
-18168,-31995,-10745
-18936,30725,-8185
-19192,28933,-5881
-19704,27397,-3321
-19960,25349,-761
-19960,23301,1799
-19959,22277,4615
-20983,21253,7431
-21751,19973,9735
-22519,19205,11015
-22007,19461,12551
-22263,19205,13575
-22263,19973,13575
-22263,21509,13063
-22519,24325,9991
-21751,27397,6407
-20471,30981,3079
-20471,-30715,-1273
-20984,-29179,-3577
-20216,-22011,-10489
-17912,-17659,-13817
-16376,-13563,-18681
-15864,-10235,-23545
-15352,-6907,-27385
-14584,-4091,-31225
-13048,-1531,31495
-13048,773,27400
-13048,2821,23304
-12792,5381,21000
-11512,6661,18696
-10744,8197,16392
-10744,9733,13832
-10744,10245,12552
-10232,10245,11784
-9464,10757,9992
-9464,11013,8712
-9464,11013,8456
-9464,10757,7944
-8952,10245,7176
-7928,10501,5896
-8184,10501,5128
-7928,10245,5128
-8184,9477,5384
-8696,9477,5128
-8952,10245,4104
-8696,10245,4360
-7672,9989,4360
-7672,10245,4360
-7928,10757,4616
-8184,11013,4872
-8184,11525,4360
-8440,11781,4104
-8184,11781,4360
-8184,11781,4872
-8184,11781,5128
-7928,12037,4360
-7672,11781,3848
-8440,11781,4104
-8440,12037,4360
-8696,11781,2824
-8440,11269,1544
-8184,10501,264
-8440,10501,8
-8952,9989,264
-8696,9221,-1272
-8953,8965,-1528
-8953,9477,-1272
-8697,11013,-1528
-8697,11013,-2296
-9209,11013,-3576
-9209,11525,-3064
-8953,12549,-3064
-8953,12549,-3320
-9209,11269,-3320
-9209,11013,-3320
-9209,11525,-3320
-8697,12037,-2552
-8441,12037,-1528
-8185,11525,-248
-7929,11525,520
-7928,14085,-504
-6649,17413,-6904
-6137,20997,-19960
-5625,28421,26632
-3065,-24315,5384
1031,-6650,-18680
5126,9990,22793
7430,23558,3849
9222,-31738,-7671
11525,-24314,-14327
12293,-21498,-18935
12293,-21498,-22775
11013,-24058,-23287
10245,-24826,-22775
9477,-31738,-18167
9733,28166,-13559
9477,22534,-7671
10757,19206,-2551
12805,17414,2825
13318,14086,9993
13318,9222,19465
12294,1542,31241
10502,-8442,-22264
7174,-22266,-10744
4358,28678,1288
2055,16134,12296
-249,6149,22280
-2041,-2299,30727
-3833,-8955,-25849
-5881,-13819,-17401
-7417,-17659,-9209
-9465,-20731,-2041
-11257,-23547,4615
-12024,-25851,11015
-12280,-26619,15367
-13560,-27131,19207
-14328,-27643,22279
-15608,-27643,26119
-16120,-26875,27655
-16120,-23035,32263
-16888,-22779,-31481
-17656,-23291,-28921
-17912,-23547,-26617
-18424,-24315,-25849
-18680,-25595,-23801
-18680,-27387,-21241
-19448,-28411,-18425
-19704,-29179,-15865
-19960,-30715,-13561
-19960,-32251,-10745
-20216,31493,-7417
-19704,30469,-5113
-19448,28677,-3321
-19704,26629,-761
-20984,24069,2055
-21239,23045,3591
-21239,22277,5127
-20983,21509,6663
-21751,21509,8199
-21751,23045,9223
-21495,24069,9735
-21239,25349,9223
-22263,25605,8967
-23031,25861,8455
-22775,29189,4359
-21751,-32507,1287
-20983,-28155,-3065
-18936,-23547,-8185
-17400,-18683,-13561
-17144,-14331,-18425
-16376,-10747,-22777
-15352,-7675,-27385
-14584,-5115,-32761
-14072,-2811,28935
-13048,-763,25607
-12792,5,22792
-12280,773,19720
-12536,1029,17160
-12536,2053,15880
-12280,2565,14344
-12024,2821,12040
-11768,3845,10248
-9720,4357,9480
-9464,4613,9224
-9208,4613,8712
-9464,4613,7944
-9208,4357,7688
-9464,4101,7944
-10488,4101,7432
-10744,4357,6920
-10744,4869,7176
-10744,4613,6920
-10232,5637,6920
-10232,5893,6664
-10232,6405,6152
-9464,6405,6152
-9720,6405,5896
-9464,6149,5896
-9720,7173,7688
-9976,8197,8968
-9976,10245,8968
-9464,11781,6152
-8952,14597,-1272
-8953,19973,-15096
-8953,28677,31752
-7417,-23803,10248
-6393,-8443,-12792
-4346,5637,30985
-2298,15621,13833
-506,19717,3593
-506,17925,-1783
-3067,10757,-5111
-6907,517,-5623
-7419,-2811,-5112
-9211,-19707,2056
-9978,-28155,8456
-9978,29445,14344
-9210,23557,18952
-6394,20741,24072
-3578,18693,30472
-3322,15365,-27128
-2554,8965,-17144
-1274,1285,-5368
-1018,-6907,6663
-1785,-15611,18183
-4345,-21755,27911
-5369,-24827,-28921
-4857,-26619,-20985
-5113,-27643,-14329
-5369,-29179,-8185
-5625,-29179,-2553
-5881,-28923,3847
-7160,-27899,9223
-8184,-27387,14087
-8696,-26619,17927
-8696,-25339,22023
-9976,-23803,25863
-11256,-22523,28679
-11768,-21755,29703
-11768,-18939,-31481
-11512,-18427,-29177
-12024,-18427,-27641
-12792,-19707,-26105
-12792,-20987,-23545
-12536,-22267,-20217
-12536,-23291,-18169
-12792,-23803,-16121
-12792,-24827,-14073
-13048,-25595,-12025
-14328,-26363,-10233
-14328,-27387,-8697
-14328,-28411,-6905
-14584,-29179,-5881
-14840,-29691,-5369
-15096,-30715,-5113
-14840,-30971,-4857
-16120,-31227,-4857
-16120,-29179,-5113
-14328,-25851,-5113
-12280,-22523,-5369
-12536,-20219,-6905
-13048,-17915,-10233
-12792,-14587,-13049
-12024,-13307,-13049
-11256,-6907,-17657
-11256,-3835,-21753
-11256,-2043,-25337
-11000,1029,-27896
-10488,3077,-30968
-10744,5125,29960
-12024,6661,26120
-11512,8965,23816
-10232,9989,21768
-9464,9989,19464
-8696,10245,16904
-8952,9221,15112
-9976,8453,14344
-9976,8709,12808
-9720,8197,10504
-9720,7173,9992
-9464,6661,9992
-9208,5637,9224
-10232,5125,7944
-10488,4613,7944
-10488,4357,8456
-10744,4613,8712
-10232,6405,7176
-9976,6661,6920
-9976,6405,7176
-10232,6405,8200
-10232,6405,8456
-9464,6661,8456
-9720,6661,7944
-9720,6405,7688
-9720,5893,7176
-9976,6149,5896
-9976,6405,4616
-10232,6917,3336
-10232,7429,2312
-9720,7429,1288
-9208,7429,8
-9464,7685,-504
-9465,7685,-760
-9209,8197,-760
-9465,7941,-1272
-9465,7173,-1784
-9465,6917,-1784
-8953,7173,-2040
-8697,6661,-1784
-8697,5893,-1784
-9209,5381,-1528
-9465,5381,-1528
-9465,5381,-1272
-9465,5381,-1016
-9465,4869,-760
-9209,4357,-760
-9209,3845,-1016
-8953,3589,-504
-9209,2309,-248
-9465,2053,-248
-9977,1797,-248
-10233,2053,520
-10232,2053,1544
-9976,2309,1544
-9976,2565,1032
-9720,3077,520
-9464,3589,520
-9464,4357,520
-9464,4101,776
-9720,3845,776
-9720,4357,776
-9720,4357,1032
-9464,4101,1544
-9464,4357,2056
-9464,4357,2056
-9720,4357,2568
-9976,3845,2824
-9976,2565,3080
-10488,2309,3336
-11000,1285,3336
-10744,1285,3080
-10488,261,2824
-10744,5,2568
-11000,-507,1799
-10744,-507,1031
-11256,-251,7
-11000,-507,-761
-10745,-507,-761
-10745,-763,-1017
-11001,-763,-1273
-11001,-507,-249
-11001,517,1032
-11000,773,1288
-11512,2565,-3576
-11769,5381,-13048
-11513,11269,-28152
-10233,19973,18952
-8185,-32251,-4344
-5370,-17403,-28920
-2298,-2811,15880
-250,7941,1289
1286,14086,-6903
1541,16390,-12279
1797,17158,-13815
773,13830,-14583
-507,9733,-13559
-2555,3333,-10999
-2811,-2043,-6648
-1787,-6651,-504
-251,-10235,4616
1542,-12282,8712
3334,-12794,13320
4614,-12794,21000
5638,-15610,29960
5638,-21754,-25848
5894,-29946,-14840
4102,25350,-2040
1542,15366,10760
-761,5381,21768
-2041,-2555,31239
-2553,-7675,-24569
-3833,-12027,-15097
-4857,-16379,-6905
-5113,-19963,519
-6392,-22523,7431
-8184,-23035,13575
-9720,-24571,17415
-9976,-25851,19975
-9976,-25851,20999
-11768,-25595,27399
-12280,-24827,30727
-13304,-23803,32519
-13816,-23035,-31481
-14328,-23035,-29433
-14584,-23035,-27897
-15352,-24059,-27385
-15608,-25851,-26105
-16376,-27643,-23801
-16632,-29947,-21497
-17144,-31483,-19961
-17400,32517,-18169
-17912,31237,-15609
-17400,30725,-12537
-17656,30213,-10489
-18680,28933,-8697
-18936,27909,-5881
-19192,26885,-2553
-19448,25349,-761
-20472,23813,1031
-20727,22789,3591
-20983,21509,5895
-21239,20997,6663
-21751,20741,6663
-21751,20741,7175
-22007,21253,8199
-22007,22789,7431
-21495,25093,5895
-20727,27141,3591
-20983,29189,1799
-19959,-32507,-249
-18936,-28923,-3577
-17912,-24827,-7417
-17912,-21499,-11257
-16632,-17659,-13817
-15096,-13819,-17401
-14584,-10491,-22265
-14328,-8187,-25337
-13816,-5883,-27897
-13304,-3579,-32249
-12792,-1019,29191
-12792,-763,25351
-12280,5,22792
-11512,1541,20232
-11256,2053,16648
-11512,2053,14344
-11256,1541,13320
-11512,1285,12040
-12024,1285,10504
-12280,1285,9736
-11512,2309,8456
-11000,3333,7944
-9976,4357,6408
-9464,5893,5384
-9720,6917,5128
-9720,7941,5640
-9464,7941,5384
-9464,8453,5128
-9464,8965,5128
-9208,9733,4616
-8184,9989,4616
-7928,10757,4360
-8184,11781,4104
-8184,12549,3848
-8184,13061,3848
-7928,14085,3848
-7928,14341,2824
-7928,14341,2568
-8184,14341,2568
-8184,14853,2056
-7928,15365,1544
-7672,15365,1032
-7672,15109,520
-8184,15109,8
-8440,15109,-504
-8441,15365,-248
-8185,15365,-248
-8441,14597,264
-8440,13829,264
-8440,13829,520
-8440,13573,1032
-8184,12549,1544
-8440,11013,2312
-8952,9989,2056
-9464,9477,2056
-9720,8965,1800
-9976,7429,520
-11512,6405,-504
-12281,6405,-1016
-12025,5893,-1272
-11513,5125,-1016
-11769,4613,-1528
-12281,4613,-2296
-12025,5381,-3064
-12025,5893,-2808
-11769,6149,-2808
-11769,5637,-3064
-12025,5637,-3832
-12281,5125,-3576
-12281,5125,-3576
-12025,5125,-3832
-11513,4869,-3832
-11257,4613,-3576
-11513,4869,-3064
-12025,5125,-2296
-11513,5637,-2296
-11513,5637,-2040
-11001,6149,-1784
-10233,6661,-1016
-9465,6917,-248
-9977,7173,-248
-10233,6661,-248
-10489,6405,520
-10744,6405,1032
-10232,6149,1032
-9720,6661,776
-9976,6405,264
-9720,6405,-248
-9721,7173,-248
-9465,6917,-248
-8697,6917,-248
-8697,6917,264
-8696,6661,264
-9208,6661,264
-8952,6917,776
-9208,6149,1032
-9208,5381,1800
-10232,3845,2056
-10744,3333,3336
-11256,3333,4872
-11256,3077,5896
-11000,3845,5384
-10488,6661,1544
-9720,11269,-6392
-8441,17925,-20728
-7673,25861,26120
-5369,-26107,3336
-2553,-8699,-21496
1030,8966,21257
3590,22790,3337
6662,-32762,-8439
8197,-25850,-15351
8965,-22010,-19959
9477,-21754,-22519
9477,-23290,-22775
8965,-26362,-22263
8197,-30458,-19191
7941,30470,-14583
7941,25350,-8951
8965,24838,-7671
11013,19974,521
11014,15110,7689
11014,9222,17417
10758,1030,28425
9734,-10490,-25080
6150,-24826,-12024
2310,26118,1544
263,13830,13064
-505,4101,23816
-2297,-3579,-31993
-4345,-9979,-22521
-5369,-14075,-14585
-5625,-17403,-7161
-6649,-19195,-249
-8953,-22011,6919
-9976,-23291,12551
-9976,-23547,16135
-10488,-24315,20487
-11768,-25339,25607
-13560,-24827,30215
-14072,-23547,-32505
-14328,-21243,-29945
-14584,-20731,-27129
-15096,-20731,-24825
-15352,-20475,-24569
-16376,-20731,-22777
-16376,-22011,-21241
-16888,-23803,-19961
-17144,-24827,-19705
-17912,-26107,-18681
-18168,-27131,-16889
-18680,-29691,-14073
-19192,-31483,-12025
-19192,-32507,-11001
-19448,31749,-8953
-19960,29189,-5881
-20728,26885,-4345
-20984,25349,-2297
-21496,24325,-505
-22520,22277,2311
-23031,20741,4359
-23799,19973,4615
-23799,20229,5383
-23543,19973,6407
-23543,19717,7175
-23543,20997,6663
-23543,24325,4871
-23287,26885,2823
-22775,28677,1031
-22263,29445,263
-20727,-28923,-5369
-20216,-24827,-8953
-19960,-23035,-12537
-19192,-20219,-16377
-17656,-16379,-20729
-16376,-13051,-24825
-16376,-11771,-28153
-16376,-10235,-31225
-15096,-7419,30471
-13560,-4347,27399
-13816,-3067,25095
-13304,-2043,22791
-12536,261,21256
-11000,2821,19464
-11000,3077,17928
-11512,1797,17416
-11768,1797,16648
-12024,2565,15624
-11256,3077,15368
-10744,3077,14856
-11000,2821,13576
-10744,2821,11528
-11256,3077,9736
-11256,3077,9480
-11000,3077,9224
-11000,3077,7688
-11256,3845,7176
-11256,3845,7176
-11000,3845,6664
-10232,4613,6152
-9464,5637,5384
-9464,5637,5128
-9464,5637,4872
-9208,5893,4360
-9464,7429,4104
-9208,7941,4104
-8440,8453,3848
-8184,9221,3592
-8440,10757,2312
-8184,11525,2056
-7928,11781,1800
-7672,12037,1032
-6648,12037,520
-6392,12037,776
-6648,13061,2312
-6648,15365,1544
-6392,19973,-5112
-5625,26373,-18424
-2041,-29179,27656
-1017,-24827,22024
5383,5126,-22263
9478,25094,15881
14086,-23546,-6135
18181,-9978,-20471
20229,-1018,-29175
20997,3590,30474
21253,3846,27658
21253,518,28682
20229,-3834,32521
18437,-9466,-27639
17925,-13818,-20983
18181,-15610,-13815
18181,-15354,-6391
18437,-13050,9
18438,-11258,6409
18950,-12282,15625
18694,-19450,27145
16134,-31226,-26103
12038,19206,-12791
9734,3078,1801
7687,-14330,16392
4615,-30970,30216
1031,19462,-23288
-1017,7941,-13304
-1017,4869,-9464
-3833,-9211,5127
-7672,-14587,12295
-10744,-17403,17927
-12280,-19707,23559
-13304,-21755,28167
-15352,-24059,30471
-16632,-25595,32263
-16632,-26363,-31481
-16632,-27899,-29945
-17144,-29691,-28665
-18168,-30203,-27129
-18424,-30715,-25337
-18424,-32251,-22777
-18424,31493,-20985
-19448,30469,-19449
-20472,30213,-17401
-20728,28165,-15097
-20984,25861,-12025
-21496,23301,-9721
-23032,20997,-7673
-23544,18437,-4345
-24056,15621,-1785
-24824,13061,7
-25591,11781,2567
-25847,11525,4103
-26359,7685,7687
-26359,6405,8711
-27127,5893,9735
-27127,5893,10503
-27127,6149,11271
-27127,7173,10759
-27383,9221,8967
-26871,11781,5895
-25847,14085,3335
-24823,17669,-761
-24056,21765,-5881
-23288,25861,-11257
-22520,28933,-15353
-21496,32261,-19193
-19960,-28923,-23289
-18424,-25595,-27385
-17656,-23291,-30969
-17144,-20987,30983
-16888,-17659,27399
-16376,-15099,24327
-16120,-14331,21767
-15864,-13307,19719
-15864,-11771,17671
-15608,-9723,15623
-15096,-9467,14855
-13816,-7675,13575
-13048,-5883,13063
-12792,-4603,11271
-12792,-3323,10247
-12536,-2811,9991
-12536,-1787,9479
-11768,5,8968
-11768,5,8200
-11512,261,8200
-11256,773,7944
-11000,1797,7432
-10744,2309,6152
-10232,2565,6152
-9464,3589,5896
-9720,4101,5896
-9720,5125,5128
-9464,4613,4872
-9720,4613,4616
-9976,5381,4616
-9208,6661,4616
-8440,6661,4872
-8440,6661,5128
-9208,6917,4616
-9720,6917,4360
-9464,6661,4360
-9208,6661,4360
-9464,6405,4616
-9720,6149,3592
-9464,5125,1800
-9720,5381,776
-9464,5381,520
-9976,4869,520
-9976,4613,-248
-10233,4101,-760
-10489,3589,-1016
-10745,3077,-1016
-10745,3077,-760
-11001,3077,-504
-11257,3077,-504
-11513,3077,-760
-11769,3845,-1528
-11769,4101,-1784
-11001,4869,-1784
-9465,5125,-1016
-9465,5637,-1016
-9465,5893,-1016
-8953,6405,-1272
-8953,6917,-1016
-8953,6917,-1016
-8441,6917,-1016
-7417,7685,-1784
-7673,7685,-1784
-7673,7429,-2040
-8185,7685,-1528
-8185,7685,-504
-8185,6917,-504
-8953,6149,-504
-9465,6149,-504
-9465,5893,-248
-9977,5125,-504
-9977,4357,-248
-10233,4357,-248
-9721,4357,8
-9208,3845,8
-9464,3077,520
-9464,2821,1288
-9464,2565,1288
-9464,2309,1800
-9464,2053,2824
-9976,1285,2824
-10232,1029,2824
-10488,517,3080
-11512,-1019,2823
-12792,-2043,2567
-12536,-2299,2567
-13560,-2811,3079
-13816,-2043,3335
-13560,517,1544
-12792,4869,-6392
-10745,11269,-21752
-9721,19461,22536
-8185,31749,-1272
-4858,-16635,-27128
-250,1029,13321
3846,14854,-6135
6149,24326,-17399
7685,30470,-23287
8965,-31738,-27639
8197,-31994,-30455
5637,31494,-29943
2821,28422,-25847
2053,23814,-20983
2309,17926,-15863
1797,12806,-8951
1797,8966,-1783
3077,6406,5385
5638,2822,12041
6150,-3322,22024
5382,-12282,-29944
4870,-15098,-25336
3846,27910,-3064
2566,13318,10504
7,1286,23048
-3577,-8955,-30969
-3577,-16123,-22265
-3577,-22011,-14329
-4089,-26107,-6137
-5113,-28155,2311
-6136,-29691,7431
-7416,-31739,12039
-8952,-32507,17415
-11000,-32251,22535
-12024,-31739,26375
-12280,-29947,30215
-13048,-27387,-31225
-13816,-24827,-27385
-14072,-24059,-25849
-14072,-23547,-25337
-14328,-23035,-22777
-14328,-22523,-20985
-15096,-22779,-19705
-16120,-24571,-20217
-16888,-26363,-20217
-16632,-27131,-18937
-16376,-26875,-17913
-17400,-29691,-15097
-17656,-31739,-13561
-17656,32261,-11769
-17912,30725,-8953
-17912,29189,-6905
-17912,26629,-5369
-18680,25093,-3065
-19448,23301,-505
-19704,20997,1543
-20983,18437,3079
-21495,17157,4359
-20983,17157,6151
-19703,17157,7175
-19447,17925,7175
-19447,19461,6407
-19447,21253,5127
-19447,22533,4103
-19447,24325,2567
-19447,27397,-505
-18936,31493,-4089
-17656,-29435,-7417
-16120,-25339,-12025
-15608,-21755,-16377
-15352,-18427,-20473
-14840,-16891,-21497
-13560,-11771,-27641
-13048,-8699,-31993
-12536,-5883,30215
-12024,-2811,27399
-10488,261,24840
-10488,1541,22280
-10488,3333,19976
-10488,4101,18440
-10488,4869,16904
-10744,5381,15624
-10744,5381,14856
-9464,5637,14600
-8952,5637,14600
-8952,4869,14088
-9208,4869,13576
-8952,4869,13320
-8440,4869,13064
-8440,4869,13064
-8440,3845,13064
-8184,3077,12552
-8184,3077,10504
-8184,3845,7688
-9464,3845,6152
-10232,4101,6408
-10488,4101,6152
-10488,4101,4616
-10744,4357,4104
-9976,5893,3848
-9976,6661,3592
-8952,7685,2824
-8952,7941,2312
-7928,8197,2312
-6904,9221,2312
-6392,10245,1544
-6392,10245,776
-6392,10757,520
-6648,11269,776
-6904,11269,520
-6904,11013,-248
-6905,11269,776
-7416,11269,2568
-7928,11781,2568
-6904,14085,-3320
-5881,18437,-14328
-5881,24325,-28664
-6905,-32251,18952
-6905,-18939,-3576
-5626,-4091,-27128
-3578,7941,19977
-2810,10501,16905
-1530,15109,1289
-2810,11013,-3319
-4347,2309,-4087
-7419,-8699,-760
-9979,-19195,3336
-11258,-28411,7944
-11002,28165,13320
-11002,19461,20488
-9978,15109,26632
-7418,14341,30984
-4858,14085,-28920
-3066,13061,-20216
-2298,9221,-9208
-1530,3333,776
-1017,-3835,11527
-1529,-12283,23815
-3321,-19195,-30713
-4857,-23291,-22521
-4857,-25339,-16889
-4345,-27899,-10745
-4601,-30459,-4601
-5881,-30715,-249
-8441,-29691,3591
-8952,-28923,7943
-8952,-28667,10503
-8952,-27899,16647
-9208,-27131,18951
-9720,-24571,22279
-11256,-23291,26375
-12280,-22523,28935
-13048,-21755,30727
-13560,-19963,31751
-13816,-19707,-31225
-13304,-19963,-29433
-11768,-20219,-28921
-12024,-19451,-28409
-12536,-18939,-25849
-12536,-18939,-23289
-12536,-19707,-22265
-11512,-20731,-21241
-11256,-21499,-18937
-12280,-22267,-15865
-12792,-24059,-13305
-12792,-25339,-12537
-12280,-25083,-10233
-12280,-25083,-8185
-13048,-25851,-7417
-13560,-26619,-6905
-13816,-26363,-5881
-13816,-25595,-4345
-12536,-23291,-4089
-12280,-22267,-5625
-12536,-20219,-6905
-12792,-17147,-7673
-12280,-14075,-9209
-12024,-11771,-12025
-11512,-9211,-14329
-11256,-6395,-16377
-11256,-3067,-18681
-11256,-1275,-22521
-11256,261,-26104
-11000,1797,-27896
-11000,2821,-29944
-11256,3077,31752
-11256,3077,27656
-11256,2565,24072
-11256,1797,21256
-11768,517,17928
-12024,-507,15879
-12280,-763,14343
-12536,-1019,13319
-12024,-1275,11783
-11768,-1019,10247
-11768,-763,9479
-11256,-251,9479
-11256,517,8456
-11512,517,7176
-11256,517,6664
-10744,1541,6664
-9720,2309,6664
-9720,2053,5384
-9976,2053,4872
-10488,2309,5128
-10488,2821,5128
-9720,4357,4360
-9464,5125,3080
-9208,5125,3080
-8952,6149,3080
-8952,7173,2568
-9208,8197,2056
-9208,7941,1544
-8952,7941,1544
-8952,8965,1544
-8952,9221,1288
-8440,9221,776
-8184,8453,1032
-8440,8197,1032
-8440,8197,1032
-8696,8197,1288
-8440,8197,1544
-7928,7685,1288
-8184,6917,1800
-8184,6405,3336
-8440,6405,4872
-8440,6405,6408
-8696,6405,7432
-8696,6405,7432
-8696,6917,1800
-8952,10245,-9976
-9721,16133,-27640
-8953,25349,16392
-6393,-26363,-7928
-2810,-10235,-31992
-506,3845,13577
518,11526,1289
2054,15622,-6135
3333,16646,-10999
3077,15878,-14071
1285,10502,-14583
-251,4101,-13047
-251,-1019,-9720
5,-5626,-4856
261,-11002,520
1798,-15610,5384
3078,-16634,6664
5638,-16890,15368
6150,-17914,23560
7174,-22778,-31992
6918,-29946,-21752
6150,27654,-11000
3846,18182,1288
1287,9222,12808
263,2310,22792
7,-2810,31751
-1017,-6651,-25081
-2809,-11515,-15609
-4345,-15867,-7417
-4857,-18683,-505
-6649,-19963,6407
-8696,-21243,12551
-9464,-23291,17159
-9208,-23803,20999
-9976,-23547,25863
-11256,-23035,30215
-12792,-22779,-31737
-13560,-22011,-29177
-13816,-21499,-26873
-13816,-22267,-24313
-14328,-23291,-21753
-14840,-24571,-21241
-15352,-25851,-17913
-15096,-26107,-15097
-15096,-26619,-11769
-15352,-28411,-9465
-16120,-29691,-7673
-16888,-30971,-4857
-17400,-32763,-1785
-18680,29189,-761
-18936,26885,7
-19447,25349,1543
-19959,23557,2823
-20727,22021,3847
-20983,20997,4871
-20983,20997,5895
-20727,21253,6919
-20727,22021,6919
-20727,23557,6407
-20215,25861,5639
-19191,29701,4103
-18679,-32507,1543
-18167,-28667,-1273
-17912,-24315,-4345
-17144,-19451,-7929
-15608,-15611,-12281
-15352,-14843,-13561
-15096,-8955,-20985
-14328,-4859,-24825
-12792,-1787,-28665
-12024,261,-32504
-11768,2565,29192
-11512,4357,25864
-10488,5637,22792
-9464,6661,19976
-9720,6661,17928
-9464,6661,15624
-9208,6661,14088
-9720,5637,12808
-10488,5125,11528
-10488,5381,10760
-9720,5637,9992
-9208,5637,8456
-9208,7173,7944
-9208,7941,7432
-8696,7941,7176
-8184,7685,7176
-8184,7941,7176
-8952,8197,7688
-9464,8197,8200
-9464,7429,8968
-9208,6917,8968
-8952,7173,9224
-8952,7429,9224
-9208,6917,9224
-9208,6661,8968
-9208,6917,7688
-9464,7685,5384
-10488,8197,2824
-10488,8453,3080
-9720,8709,3336
-9464,8965,1544
-9720,8965,264
-10744,8709,264
-10488,9221,264
-10488,8965,-760
-9465,9221,-1272
-9465,9221,-1272
-9465,8965,-1272
-9209,8965,-1528
-8697,8965,-2040
-8697,8965,-1784
-8697,7429,-2040
-8697,7173,-1528
-8953,7429,-1272
-9465,7173,-1528
-9465,6149,-1528
-9465,4869,-1528
-9465,4869,-1272
-9721,5125,-1016
-9721,5381,-504
-9465,5893,264
-9464,6917,2312
-8952,9221,2824
-8952,11781,8
-7672,14597,-7416
-6649,19973,-21496
-5113,28933,25608
-3065,-23547,3080
7,-7418,-20728
3334,8966,22537
6150,23302,5897
8198,-32506,-4855
9733,-27386,-10999
10245,-26106,-14583
10245,-26362,-16375
9477,-29178,-16631
8453,31750,-14583
7429,25862,-10487
6917,19974,-5623
7429,15366,-1271
7685,13830,9
9478,9478,6409
10502,7686,12297
10502,4358,21001
9990,-3066,31496
8198,-13818,-22008
5126,-26874,-9208
2054,25862,3080
-249,14085,14600
-1785,3589,25096
-3321,-4859,-30969
-4601,-10235,-22265
-5625,-14843,-13561
-6649,-19707,-5113
-9209,-24059,2823
-11000,-26107,8967
-12024,-26875,14855
-12024,-27643,19207
-12792,-28411,23303
-13816,-27387,27399
-14584,-25339,30727
-14840,-23291,-32505
-14840,-22011,-30201
-16376,-21499,-28665
-16632,-21243,-27385
-16632,-21243,-26873
-16632,-22523,-24313
-16632,-24059,-22009
-16632,-26107,-19961
-16632,-27131,-17657
-17400,-28667,-15097
-17912,-31227,-12793
-17912,32005,-10233
-18168,30469,-7417
-18424,28933,-4345
-19192,26117,-1273
-19448,24069,1287
-19703,23301,4359
-20727,22277,6663
-22007,20997,8967
-21751,19973,10503
-21751,19461,11527
-22007,19461,12039
-22519,19717,12039
-22263,21765,10503
-21751,24325,7431
-21239,27141,4359
-20983,29957,2311
-19959,-31739,-1017
-19192,-28155,-5369
-18680,-27131,-6905
-17656,-20475,-13305
-17400,-16379,-17145
-16888,-13563,-22265
-15608,-11003,-26617
-14584,-8699,-30201
-14584,-6395,32519
-14072,-3835,28935
-13560,-1531,24583
-12280,261,21768
-11256,2565,20232
-11000,4357,17416
-10232,5637,15112
-9464,6661,13832
-9464,6661,13064
-9464,6405,11784
-9464,6405,10248
-9208,6661,8712
-9208,6149,8968
-8952,5893,8200
-9208,6149,7176
-9464,6149,6664
-9208,5893,6920
-9720,5893,6664
-9976,6149,6152
-9976,6149,5896
-9464,5893,5896
-9208,5893,5640
-8952,6149,5640
-10232,5637,5896
-10488,4869,7176
-10488,5125,7432
-10488,5381,7176
-10232,5893,7176
-9976,6149,7176
-10232,6149,7176
-10232,6661,6664
-9976,6917,5896
-9976,7173,4616
-10744,7173,3848
-10488,6661,2568
-10232,6149,2056
-10232,5637,1800
-10744,5381,1800
-10488,5125,1544
-10232,4357,1288
-10488,4101,1288
-10232,4357,1032
-10232,4869,1032
-9976,5893,-504
-9721,6405,-1016
-9209,7429,-760
-9209,8453,-760
-8697,8965,-1784
-7929,8965,-2296
-7673,8965,-2296
-7673,8709,-2296
-8441,8965,-2296
-8185,8965,-2040
-7929,8709,264
-7672,8709,1288
-7928,10245,-248
-7673,13573,-5368
-6649,17413,-15864
-5113,23045,-31736
-3321,-31227,12040
-1017,-15611,-12536
3078,1798,29193
7174,16390,9225
9990,27910,-4599
11013,-29434,-13559
12037,-24826,-18679
12549,-24826,-21751
12549,-26106,-23287
10757,-27898,-23031
10245,-28922,-22263
10245,27910,-13559
10501,23302,-7671
11269,19974,-2551
12293,17926,2313
12806,14854,9481
13062,10758,18441
13062,5126,28425
11014,-4346,-26360
7942,-16890,-13816
4870,-31482,-760
2566,20742,10504
7,10246,20232
-2041,773,30472
-3577,-6651,-25593
-3833,-10747,-17913
-5113,-14587,-11257
-7417,-17915,-3065
-9465,-22011,4103
-10488,-23547,9991
-11000,-24315,14599
-12536,-24315,18695
-14328,-25595,23815
-14584,-25851,27399
-14328,-24059,29959
-15096,-22779,30983
-15864,-22267,-30201
-16120,-22779,-28409
-15608,-22523,-27129
-15864,-22523,-25593
-16376,-24315,-23289
-16888,-26107,-20217
-16888,-27387,-18425
-17144,-28411,-16889
-17400,-29947,-13817
-17656,-32763,-11001
-18424,29957,-8953
-19448,28677,-7417
-19448,27397,-4089
-20216,24837,-761
-20472,22021,1287
-21239,20997,3335
-21495,20229,5639
-22263,18437,8455
-22263,17413,10759
-22775,17413,10503
-22775,18181,10503
-22775,18949,11271
-23031,20229,11271
-22775,22533,9479
-22263,24069,8455
-22519,30725,3591
-22007,-31227,263
-20727,-27131,-5369
-18168,-20731,-10745
-17400,-16123,-14841
-16888,-12539,-18681
-15608,-8955,-23033
-14584,-6139,-28665
-14328,-3323,-32505
-13816,-1275,29959
-13304,261,25864
-12536,1797,22024
-11512,3589,18952
-11768,3589,17160
-11768,3589,15368
-11000,3845,12808
-10488,4101,11784
-10232,4869,11784
-9720,5125,11016
-8696,4869,9480
-8440,4869,7944
-8952,4869,8200
-9208,4613,7944
-9720,3077,7176
-9720,2821,6408
-9464,2565,6408
-9208,2821,6408
-9208,3077,6408
-9464,2821,5896
-9720,2565,5640
-9464,2309,5896
-9464,2309,5896
-9464,2565,6152
-9208,2821,6152
-9208,3077,6152
-9464,3077,5896
-9208,3333,6152
-8952,3589,6408
-9720,3589,6408
-9464,4357,6408
-9208,4357,6152
-9464,4101,6152
-9464,4869,5896
-9464,6661,5128
-9464,7685,3336
-8696,8453,2056
-8696,8453,776
-8440,7941,264
-9464,7429,8
-9464,7173,8
-9464,6917,1032
-9464,7941,1800
-9464,9221,1288
-8440,11781,-3576
-7417,14853,-14328
-6393,21253,-30200
-5881,32005,15112
-3065,-17915,-8696
1030,-1530,32520
3334,12806,12041
4102,23302,-2551
5381,28678,-10743
6405,29958,-16119
5893,27910,-19191
2565,23302,-19191
-1275,17157,-17143
-1531,10245,-13559
-1531,3077,-8183
-1531,-3579,-1016
-1531,-8699,5640
-250,-11515,11272
1286,-13818,18696
3078,-17146,28936
3078,-24570,-25336
3078,-27386,-22008
2054,19462,-504
6,8454,12296
-2297,-1787,24583
-3065,-8699,-31225
-3321,-13051,-23289
-3065,-16635,-15609
-3321,-20475,-7929
-4345,-24059,-505
-4857,-26107,6919
-5880,-27387,12807
-7160,-28155,18183
-8696,-28667,22279
-9720,-28667,25863
-10488,-27387,29447
-12024,-25851,32263
-12792,-24827,-31737
-12792,-23803,-31993
-12536,-22779,-31481
-12280,-21499,-29689
-12792,-22011,-27897
-13816,-23547,-27129
-14072,-24315,-25337
-13048,-24315,-22521
-12792,-24827,-20729
-12792,-25595,-20473
-13048,-27387,-17657
-12792,-28155,-14841
-13560,-29435,-12281
-14328,-31227,-10745
-15608,31749,-8953
-15608,30725,-6649
-15352,30725,-3833
-15352,29957,-2553
-15352,28421,-1273
-15096,28165,519
-15095,28165,1543
-15351,28933,2055
-15351,30213,1799
-15095,32005,263
-15351,-31227,-1785
-15608,-28411,-4089
-15608,-25083,-6393
-15608,-21499,-9465
-14072,-16635,-12793
-12792,-12283,-17401
-12792,-8443,-22009
-11512,-4347,-25593
-9976,-1275,-28409
-9208,1541,-31992
-9208,2053,32264
-9464,3845,27912
-9208,4101,25352
-10232,4101,23048
-9720,4357,21256
-9976,4613,19208
-9720,4613,17160
-9464,4101,15112
-9976,2821,13320
-11000,2053,11784
-11512,1797,9992
-11256,1797,8712
-10744,2053,7688
-9720,2053,7176
-9464,1285,7176
-10232,1029,6664
-10488,1029,5640
-10232,1797,5128
-10232,2565,5128
-8696,3077,5128
-8184,3333,4360
-8184,3333,3080
-8696,3589,3336
-8952,3589,3336
-8952,3845,2824
-8696,4101,2824
-8696,4869,3080
-8952,5637,3080
-8952,5637,3080
-8696,5637,2568
-8952,5381,2312
-9208,5381,2312
-9464,6917,2056
-8696,8453,2056
-7928,8965,2312
-7672,10501,2824
-8184,12805,3080
-8184,15877,1032
-7160,17413,-5112
-7161,19461,-17144
-7417,25861,31752
-7673,-28155,12296
-6905,-14331,-9464
-4090,-507,-31224
-2042,9989,17161
-2298,14853,7177
-2810,14597,2313
-4090,8709,265
-5882,-507,-248
-8955,-10235,1288
-10746,-12795,3080
-11770,-29179,10248
-11002,28421,14344
-9978,23557,18952
-8442,22277,23048
-6906,21253,26888
-5370,20229,-32760
-3834,19717,-24568
-2810,15877,-13304
-2298,8965,-1784
-2042,-251,8199
-2297,-8443,18183
-2809,-13051,28935
-4089,-16891,-28153
-4601,-21243,-20729
-4601,-24059,-14073
-4345,-25339,-6649
-4345,-26363,775
-4600,-28667,6663
-5880,-29435,11015
-7160,-29179,15367
-8440,-28155,20231
-8440,-26875,24327
-8952,-25595,26887
-10488,-23291,29703
-10744,-21499,31239
-11000,-18427,-30969
-11000,-18427,-30457
-10744,-18683,-28665
-10744,-18683,-26361
-11000,-19195,-24569
-11000,-20219,-22777
-10744,-20987,-20985
-10744,-22267,-17657
-11512,-23035,-15097
-11768,-24571,-13049
-11768,-26619,-10745
-12024,-27643,-7417
-12792,-28923,-4089
-13560,-30203,-2041
-13560,-31995,-249
-13816,32261,2823
-14839,31749,5895
-15351,31237,6151
-15351,30469,6151
-15095,30725,6407
-15351,31493,6151
-16119,-32251,3591
-15351,-29691,1031
-14839,-27131,-1017
-14584,-26619,-1273
-14328,-21499,-7161
-14584,-17659,-11513
-14584,-14331,-15097
-12792,-11515,-18425
-12280,-8699,-22521
-11768,-5371,-27897
-11768,-2811,-31225
-10744,-1787,31751
-10488,-763,27911
-10232,1029,23560
-10232,2821,20488
-9464,4613,18952
-8952,5381,16648
-8952,6661,13576
-8696,7941,11272
-7928,8197,10760
-7928,8197,10504
-7928,8197,8456
-7928,7685,6152
-7928,6917,6408
-7928,6661,6664
-7928,7429,5640
-7672,7941,5128
-7928,7685,4616
-7928,7429,4616
-7672,7429,3848
-7416,7685,3592
-7160,8453,3592
-7160,9221,3848
-7160,8965,4616
-6904,9221,4872
-7416,9733,4872
-7416,10501,4872
-7160,10245,4616
-7672,10501,4360
-8440,10245,3848
-8440,10757,3848
-8184,11013,2824
-7672,11269,1544
-7928,11269,8
-9208,11269,-1016
-9721,11525,-1528
-9209,11269,-2296
-7929,11013,-2552
-7673,10757,-2552
-8185,9733,-2808
-8697,8965,-2808
-8953,8709,-3064
-8441,8709,-3064
-8185,8965,-3064
-8185,9477,-3576
-7929,10501,-3832
-7929,11525,-3832
-7673,12293,-4600
-7417,12037,-4856
-6649,11525,-5112
-6649,11269,-5112
-6905,11013,-4856
-6905,10757,-3832
-6393,10757,-1784
-6393,11781,-248
-6137,12549,-1272
-5881,13829,-5880
-5369,17413,-16120
-5369,23557,-31992
-3577,-31739,13576
-1273,-16891,-9976
1798,-506,32264
4358,14854,13833
7174,26886,777
8966,-32506,-7671
9477,-30458,-12279
9733,-29946,-14839
9989,-32506,-16119
9221,31238,-16375
7685,22278,-12535
7941,16646,-7671
7941,11782,-1527
8709,7942,3593
9734,5382,7689
11014,3846,13577
11270,2566,22281
11014,-2554,32520
10502,-11770,-23032
8966,-23034,-11768
5638,30470,8
2311,19462,11272
7,8710,21256
-1273,261,29704
-3321,-5371,-26873
-4601,-9723,-18425
-4857,-14843,-10489
-5625,-19195,-3577
-7417,-22011,3079
-9464,-22523,9223
-10488,-24059,14087
-10744,-25339,17671
-12280,-25339,21767
-13816,-24059,26631
-14072,-23547,27911
-16376,-22267,32007
-16632,-22011,-31225
-17912,-21755,-28921
-17656,-21755,-26873
-15864,-23035,-25849
-14328,-25083,-24825
-14328,-26107,-21753
-16120,-26107,-18681
-17400,-28155,-16633
-17400,-30971,-14329
-18168,32517,-11257
-18680,32005,-8441
-18424,29701,-6649
-17656,26629,-5113
-16632,24069,-2041
-16632,23813,1031
-17143,22789,3079
-17143,21253,4103
-17911,20229,5895
-18679,19973,8199
-19191,20485,9223
-18935,21253,9479
-18935,21509,9991
-19191,23045,9991
-19191,24325,9991
-18935,27141,6663
-18679,29957,3335
-18935,-31227,263
-18167,-26363,-4089
-16888,-21755,-9977
-15864,-17659,-15609
-15096,-13819,-20729
-14072,-8955,-24569
-13048,-5371,-29177
-12536,-2811,31239
-11768,-507,27143
-11000,2053,24840
-10232,3845,21512
-9464,4613,17928
-9720,4869,15112
-9720,5637,13832
-9720,5381,12808
-8952,6405,10504
-8696,6917,9224
-8952,6917,8968
-8952,6917,8968
-8696,7173,7944
-8696,7429,7176
-8952,6661,7176
-8952,6661,7432
-8696,6405,7176
-8440,6661,7176
-8440,6405,7176
-8696,6661,6664
-9208,6405,6408
-9720,6661,6152
-9976,6661,6152
-9464,7429,5896
-9464,7941,5896
-8696,8453,5640
-8696,8709,5384
-8952,8709,5128
-9208,8709,5128
-9464,9221,4872
-9720,9477,4872
-9720,9733,5128
-9464,9477,5128
-9464,9477,4616
-9464,9989,4360
-9208,11269,4104
-9464,11525,3336
-10488,11269,3080
-11512,10501,2056
-11256,10501,776
-10744,10501,264
-10488,9221,-1784
-10233,9477,-2296
-10233,9221,-2808
-10489,8965,-3832
-10489,9221,-4344
-10489,9221,-4856
-10489,9477,-5112
-10745,9477,-4856
-11001,9221,-4600
-11513,8965,-4600
-11257,9221,-4600
-9721,9221,-4600
-8697,9221,-4344
-8441,9221,-4344
-8441,8197,-4600
-8185,7685,-4600
-8185,7685,-3832
-8441,7429,-3576
-8697,7429,-3064
-8953,7685,-2296
-10233,7685,8
-9976,8453,1288
-9208,9989,8
-7160,12037,-6648
-6137,13061,-9464
-4089,23813,29960
-3321,-29947,8200
-249,-14331,-16376
2822,2310,25097
5126,17670,5897
7174,28678,-6391
9733,-29434,-14583
11269,-25594,-19447
11269,-23802,-21495
10501,-24058,-22519
9989,-26874,-21495
9477,-30714,-18679
8965,30470,-13047
8965,26630,-7671
9733,22790,-3575
11781,20742,1289
12550,17670,8969
12806,14086,17161
12038,7430,26889
10502,-2298,-28920
7430,-14330,-17400
4102,-28410,-5112
1542,24326,5896
-249,13573,16136
-1017,10245,19208
-2809,-3067,-30457
-4345,-8955,-22265
-6137,-14075,-14073
-7929,-18171,-5881
-10233,-20987,1799
-11000,-22011,7687
-11512,-23291,12295
-12024,-23547,16391
-13560,-23547,20999
-15096,-22779,24839
-14840,-22011,27655
-15096,-20731,30215
-15608,-19963,-32505
-15608,-19963,-30201
-15864,-20987,-28665
-15608,-22267,-27641
-15608,-23547,-24825
-16632,-24571,-21753
-17144,-26875,-19705
-16888,-28923,-18169
-17656,-30715,-15609
-18680,-32251,-12281
-19704,31749,-10233
-19960,30469,-8185
-19704,29701,-7417
-19704,27909,-3065
-20984,26629,-1273
-22008,25093,263
-22519,23301,2823
-22519,22277,6151
-23031,22021,7943
-24055,21509,8199
-24055,21253,8455
-24055,22021,9223
-24055,23557,9223
-24055,25861,8199
-23287,28677,5639
-22519,31237,2823
-21239,-30459,-1017
-20472,-26107,-5369
-19192,-22523,-10745
-18680,-19707,-14841
-17400,-15611,-18937
-16888,-12027,-22521
-16120,-8187,-27385
-15608,-6395,-31737
-14584,-3835,29959
-13816,-1275,26887
-13304,773,24072
-13048,773,22792
-12280,2053,19208
-11768,3333,17672
-11512,4357,15368
-10488,4101,13576
-10232,4357,12296
-10232,4357,11272
-10232,3845,10504
-11000,3333,9480
-11256,3333,9224
-10744,3845,8712
-10232,3845,8200
-9464,5125,7176
-9720,6149,6664
-9720,6917,6408
-9464,7941,6152
-9464,9221,5128
-9464,9221,4872
-8952,9733,4872
-8952,9989,4616
-8952,10757,4616
-9208,11269,4104
-9464,11525,4104
-8696,12037,4360
-7416,12293,4104
-7416,12549,3592
-7672,13317,3592
-8696,13061,3848
-8440,12805,3848
-8184,13061,3336
-9464,13061,2312
-10488,12805,1544
-10232,11781,776
-9464,11525,-1528
-9465,11525,-3064
-9721,11525,-3832
-9721,11781,-4088
-9465,11525,-4344
-9465,9989,-4344
-9721,8965,-4344
-10745,8709,-3320
-11001,8197,-1272
-9977,7429,264
-9208,7941,-504
-8953,9989,-7160
-9209,14853,-19960
-8697,21765,28168
-5881,-32507,5896
-2553,-16635,-19192
1286,1030,22281
2310,6406,15881
6918,26886,-8695
9221,-31482,-16119
9989,-26874,-21239
9733,-25338,-23543
9221,-26874,-23799
8965,-29690,-23543
8709,-32762,-21495
8453,28678,-16375
9221,23814,-10487
10501,20230,-6391
11269,18182,-2039
11525,16390,5641
11270,11782,15881
11526,5126,27145
10246,-5626,-26360
7430,-17146,-12792
3590,-30714,1800
1031,21510,14856
7,10758,25352
-1529,2565,-30456
-3833,-4603,-20473
-5625,-11259,-11001
-6649,-17147,-2553
-7929,-22011,5639
-9720,-23291,8967
-11000,-26875,17415
-11000,-26875,19975
-11256,-26107,22279
-13048,-25339,26119
-15096,-23803,30215
-16376,-23035,32007
-16632,-22523,-31993
-16376,-22779,-29945
-16376,-22779,-28153
-16632,-23803,-27385
-17144,-25339,-26617
-17656,-26619,-24057
-17656,-27387,-20729
-17912,-27899,-18681
-17912,-28667,-16889
-18168,-29947,-14585
-18168,-31227,-11513
-18168,-31227,-9209
-17912,-31739,-7417
-18680,32261,-5113
-19960,29445,-2041
-20472,27653,7
-20215,27141,1031
-19959,26373,1799
-20983,25605,3079
-21239,25605,5383
-20727,26885,5383
-19959,29189,5127
-20471,31749,3591
-20215,-31227,2055
-20471,-27899,263
-20471,-24315,-2041
-18680,-20475,-5113
-16888,-16635,-8185
-16120,-13051,-11769
-15352,-9211,-15609
-14840,-6395,-18937
-14584,-4091,-22521
-14584,-2555,-27129
-14584,-763,-32249
-13816,1541,28936
-13560,2309,25352
-13048,2565,22024
-13048,2821,18696
-13304,3077,15368
-13048,3077,13576
-12280,3333,13064
-12536,2309,11528
-13048,1797,9480
-14072,1541,9224
-13304,1285,8968
-11768,1541,8456
-11000,2309,7688
-11512,3077,6664
-12792,4357,6664
-12792,4613,6408
-12536,4869,5640
-11256,4869,5640
-9720,5893,5640
-9208,6149,5384
-9464,6405,5128
-9464,6917,5128
-10744,7173,5384
-11256,7685,5384
-11000,7685,5128
-10232,8709,4104
-8952,9989,3336
-7928,10757,3080
-8184,10757,3080
-8952,10757,3080
-8952,10501,3080
-9208,10501,2568
-9464,10757,2824
-9720,10501,2568
-10744,9733,2312
-10488,9733,1288
-9464,9733,1288
-9464,9477,1032
-9720,9477,1544
-9720,8709,2568
-9720,7173,2824
-9976,6149,2824
-9976,6149,3080
-9976,5125,2824
-10232,4101,2312
-11256,2053,2312
-12792,773,1800
-12792,773,776
-13048,5,264
-13048,-1275,-1017
-13305,-1275,-1017
-13049,5,-1016
-12793,1285,-1784
-12537,1029,-1784
-11769,1029,-1272
-11513,2821,520
-11000,5893,1032
-10488,8197,-2296
-9977,11013,-11000
-9721,12037,-15096
-8953,25605,22024
-7929,-26875,8
-4601,-11259,-24056
-1530,3845,19209
-506,16133,2825
-506,21765,-6647
-507,22021,-10999
-1787,17413,-13047
-4347,11269,-13047
-8187,2053,-10231
-9979,-7419,-5880
-9723,-15611,8
-8954,-21499,6664
-9210,-27643,13576
-8186,-32507,18696
-5882,30469,24072
-4090,29957,32264
-2810,27653,-23544
-2810,20229,-12536
-2298,11781,-1016
-2298,3077,11272
-3577,-5115,22535
-4857,-13051,-32761
-5369,-18683,-24057
-5113,-19707,-21753
-5881,-25851,-8953
-6905,-30203,-1273
-7929,32517,5383
-9208,32005,11015
-9720,32517,15623
-10744,-32507,19719
-11256,-30971,23303
-12280,-28667,25607
-12280,-26363,28423
-13048,-24571,30727
-13816,-23547,32007
-14584,-22011,-32761
-14328,-21243,-31737
-14584,-21755,-30713
-15096,-22267,-30201
-15096,-22523,-28921
-15096,-22779,-27641
-13816,-22779,-25337
-13816,-23803,-23033
-14328,-26619,-20473
-15096,-28411,-17657
-15096,-28667,-15353
-14840,-29179,-13305
-14072,-30971,-11001
-13816,-32251,-10489
-14328,31237,-6905
-15096,30469,-3577
-15608,28421,-1529
-16376,26117,7
-16887,26373,775
-16887,26885,1799
-15863,27909,2311
-15095,28677,2055
-14327,30213,1543
-14327,32261,7
-15095,-30971,-2809
-15608,-28923,-5881
-15352,-25083,-8441
-15352,-21243,-11257
-15352,-18683,-15865
-14840,-15867,-19705
-14072,-12795,-22521
-13304,-9467,-25593
-13048,-6907,-29177
-13304,-5371,32007
-12792,-2299,29959
-11512,517,27400
-10744,2309,24328
-10232,3589,21768
-10232,3845,21256
-10232,4869,18184
-10488,5125,15624
-11256,5125,12808
-11256,4869,10760
-10744,4869,9736
-10488,4357,8712
-10744,4357,6920
-10744,4357,5640
-10488,4101,5640
-10744,4357,5384
-10232,5125,3848
-9976,5381,3336
-9720,5381,3848
-9720,5637,4104
-9720,5637,4104
-9464,6149,3848
-9464,6405,3336
-9208,6917,3336
-9208,6917,3592
-8696,7429,3592
-8696,8965,3080
-8696,10245,2824
-8440,9989,2824
-8440,9989,2568
-8184,10501,2824
-8184,11269,2056
-8440,11269,1288
-8440,11269,1288
-8440,10757,1032
-8440,10501,2312
-8696,10501,3592
-8696,11269,3336
-8696,12805,264
-8952,14853,-6648
-9977,18437,-19448
-10233,25349,29192
-9209,-27643,9224
-7161,-13051,-12792
-5370,517,31753
-3834,9477,15625
-3322,12293,6153
-3578,10245,2569
-4346,3845,1289
-6138,-5371,8
-8954,-14331,1288
-9722,-22523,4872
-9466,-30459,9480
-9210,26629,13832
-9210,20997,17672
-8442,20741,19464
-4602,19717,27144
-3322,18437,-32504
-3066,16133,-24568
-2298,12293,-14584
-1530,6405,-2808
-1786,-1531,7687
-3577,-9211,17415
-4857,-13307,27143
-5113,-15611,-29177
-4345,-17915,-21497
-4345,-19963,-14841
-5113,-20987,-7417
-5113,-20731,263
-6392,-21755,6407
-7416,-22523,10759
-7928,-22523,15367
-8696,-22267,20743
-9976,-22267,25351
-11256,-21755,28167
-12536,-20731,31239
-13304,-19707,-31481
-13560,-18939,-29433
-13816,-18683,-28153
-13816,-18683,-26873
-14072,-18939,-25849
-13560,-20475,-23289
-13560,-20987,-21753
-13816,-22011,-20217
-14584,-23547,-17657
-14584,-25339,-14329
-15096,-27131,-12281
-15352,-28923,-10489
-15864,-30971,-7417
-16376,-32763,-4089
-17144,31237,-2041
-17656,29445,-505
-18168,27909,1287
-18679,27141,3079
-18679,26885,3335
-18935,26885,3335
-19703,27141,3079
-19703,29445,2311
-19703,31749,1287
-19703,-31483,-249
-18936,-28155,-2553
-18680,-24315,-5881
-18168,-20475,-9209
-17144,-16635,-12281
-15864,-13051,-16633
-15608,-11515,-17913
-14328,-5627,-24569
-13816,-2811,-28409
-12792,-1019,-32505
-12280,1541,29704
-11768,3589,26632
-11768,4101,23560
-11256,4613,20744
-11000,4613,19208
-11000,5381,17672
-11000,5637,15368
-10744,5893,13576
-9976,6149,12296
-9976,6661,11016
-9720,7173,9992
-9464,7685,8968
-9464,8453,7944
-9208,9221,7432
-9208,9477,6920
-9464,9221,6152
-8696,9221,5384
-8440,8965,5128
-8184,8709,4872
-7672,8965,4616
-7416,9733,4616
-7416,9733,4616
-7416,9989,4616
-7672,10501,4360
-7416,11013,4360
-7416,11013,4360
-7672,11269,4616
-8696,11269,4616
-8440,11269,4104
-8184,11013,3336
-8184,11269,2824
-8184,10757,1544
-7928,10501,264
-8440,10757,-1016
-8697,11269,-760
-8441,11269,-1016
-8697,10501,-1528
-8953,9733,-1784
-8697,9733,-2040
-8185,9733,-2040
-8697,8709,-2552
-9209,7429,-2808
-9721,6917,-2808
-10233,6149,-2552
-9977,5893,-1784
-9721,5893,-1272
-10233,6149,-1016
-9977,6661,8
-9976,6917,1544
-9464,8197,2824
-9208,11013,1288
-7928,14597,-6136
-7417,18949,-19448
-6137,26629,29192
-3577,-25595,7688
-505,-8699,-16120
3334,8454,26121
6150,23302,7689
8966,-31226,-3575
10757,-24570,-10743
11013,-22266,-15863
10757,-22778,-19447
9989,-24826,-19703
9221,-29178,-18423
8709,30726,-16375
8709,25094,-11255
8709,19462,-4855
8453,15622,9
10246,13574,4873
12038,12038,11529
12038,8198,21001
11782,6406,24073
9990,-8186,-23288
7686,-19962,-11000
4870,32518,2312
2055,19462,14600
775,8966,24584
-1273,773,-32504
-3321,-5883,-23545
-5369,-11515,-15097
-7161,-16635,-7929
-9209,-20987,-761
-11001,-24059,6151
-12792,-25851,12295
-13048,-27387,16903
-13048,-27643,20231
-13816,-27387,24327
-14840,-26875,29191
-14840,-24571,31751
-15608,-23035,-32761
-16376,-22523,-30713
-16632,-22267,-27641
-16632,-22267,-26617
-16888,-22779,-25081
-16632,-24315,-23289
-16888,-26619,-20217
-17400,-27387,-18937
-17656,-28667,-15865
-17656,-30459,-13305
-17144,32517,-10233
-17656,30725,-7161
-18680,29189,-5369
-19448,28165,-3321
-19192,25349,-505
-19192,23557,2311
-19447,23301,3847
-19703,23045,5127
-19703,22277,6663
-19959,21253,8199
-20215,21253,8711
-20727,23301,8199
-20727,25861,8199
-19703,28165,7687
-18679,30725,5639
-18679,-30459,2311
-17655,-25595,-505
-16632,-21499,-3065
-15352,-17915,-7417
-14840,-13563,-11513
-13560,-8955,-15609
-13304,-6395,-19705
-13048,-6651,-21497
-12536,-2811,-30201
-12280,261,30728
-12280,1541,26888
-12536,2565,23560
-11256,4613,19976
-10488,6661,16904
-10488,8197,15112
-10488,8197,13320
-10232,8453,11528
-9720,9221,9736
-8952,9221,9480
-9464,8709,8456
-9720,8197,7176
-9464,7941,6920
-9208,8453,6920
-9208,8453,6664
-8952,8453,6408
-8696,7941,5384
-8696,7685,5128
-8696,7941,5384
-8696,8197,5384
-8696,8453,4872
-8440,8453,4872
-8440,8709,4872
-8696,8965,4616
-8184,9733,3848
-7928,9989,3592
-7672,10757,3592
-8184,11013,3336
-8440,11781,2056
-8184,12037,2056
-7672,12293,2056
-7672,12805,2056
-7160,13317,1800
-6904,13317,2056
-7416,13573,2056
-8696,13317,2056
-8440,13061,2056
-8184,12549,2056
-8184,12805,2056
-8696,12805,2312
-8440,12549,2312
-8440,12805,776
-8696,14085,-1272
-8697,14597,-2040
-7929,14597,-2296
-7673,14085,-2552
-8185,13829,-3320
-8185,14085,-3832
-8185,14085,-3576
-7673,13061,-3832
-7417,12549,-4344
-8441,12549,-4856
-9209,11781,-4344
-9209,10501,-2808
-8441,10245,-1016
-8441,11013,-248
-8441,12549,-2552
-8185,15621,-9720
-7161,20741,-23800
-4857,29957,21768
-2553,-21755,-1528
518,-5114,-25592
4358,11782,17673
8198,25606,9
11014,-30970,-10487
11525,-25338,-15351
12293,-22522,-19191
12549,-22010,-22007
12037,-23802,-23031
10757,-27642,-21495
9733,-32762,-17911
9477,27142,-12791
10245,22278,-7671
10757,20742,-5879
11013,15366,3593
11270,11782,11529
11782,6918,21257
11014,-250,-32760
9222,-10490,-20472
5382,-22778,-8184
3334,30982,4360
2311,20230,15880
-249,11013,26120
-2809,3589,-29944
-3833,-2555,-20729
-4601,-7675,-12025
-5881,-13051,-4345
-8953,-17659,3079
-10488,-20219,8711
-10232,-21499,13319
-10744,-22523,17671
-12536,-23035,22023
-14840,-22779,25607
-14840,-22011,29191
-14840,-20987,31751
-16632,-20219,-31481
-17144,-20219,-29945
-17144,-20731,-28409
-16376,-21243,-27897
-16632,-23035,-25337
-17656,-24571,-23545
-18680,-25851,-21497
-18680,-27131,-18937
-18680,-28667,-16377
-18424,-30715,-14329
-19192,-32507,-12025
-19960,31493,-8953
-19960,29445,-6393
-20216,27397,-3577
-19960,25861,-1273
-21240,24325,1287
-21751,22789,3591
-22775,20741,5383
-23031,19717,7175
-23287,19461,8199
-23799,19717,8199
-24055,20485,8711
-23799,22789,8455
-23543,26117,6919
-22775,29701,4103
-22007,-32763,775
-21239,-28411,-2041
-20472,-23291,-5369
-19704,-21243,-7161
-18168,-15355,-13561
-17400,-12539,-16889
-16376,-8699,-20473
-15096,-5115,-24569
-14840,-3323,-28665
-15096,-2299,-31737
-14328,5,31240
-13048,2565,27656
-12536,2821,23560
-12792,2821,20744
-12280,3845,18184
-12024,4357,15624
-11512,4613,13576
-11512,4357,12296
-11000,4101,11528
-10232,3845,10248
-10232,3845,8712
-10488,3589,8200
-11000,3845,7944
-11512,2821,7432
-11768,2821,6920
-11512,2821,6152
-10488,2309,5896
-10744,1797,6152
-10744,2053,6152
-11000,2053,5384
-11256,1797,5384
-11000,2565,5640
-10744,2821,5640
-10488,2821,5896
-11000,1797,5640
-11256,1797,5128
-11256,2565,5128
-10744,2821,4872
-10488,4101,4360
-10488,5637,3336
-10744,7173,2312
-10744,8965,1800
-10232,8965,1032
-9464,9733,520
-8440,10245,264
-8184,10501,264
-8184,10501,1032
-8184,9477,1288
-8440,9221,1032
-8696,8453,1032
-8440,8197,1288
-8440,8453,1800
-8440,7941,2056
-8440,7173,2312
-10488,5381,2312
-11000,5381,2568
-11256,5381,2312
-11512,4101,1800
-11768,2821,1032
-12280,2565,264
-12536,2565,-1016
-12025,2309,-1016
-11513,1797,-760
-11513,1541,-504
-11257,2053,-1272
-11257,2309,-2040
-11513,2053,-2040
-12537,2053,-1784
-12537,1797,8
-12536,1797,2056
-12280,1541,3080
-11512,4101,2312
-10488,7685,-4856
-9721,12037,-17656
-9721,18181,28680
-8697,30213,7176
-5113,-17915,-17144
-762,5,23561
262,4614,15881
3590,24838,-10231
5125,32262,-17655
5893,-31482,-23031
4613,32262,-26103
1285,27654,-26103
-763,22789,-21751
-1531,18181,-16119
-1531,12805,-10231
-1275,6405,-3319
-1275,2053,3593
-506,261,10249
1542,-2554,17672
2566,-8186,27144
2566,-16634,-25592
1798,-27130,-11768
1030,26374,1032
-505,13573,13064
-2553,1541,25352
-4345,-7163,-28409
-6393,-14587,-19193
-7161,-20987,-11257
-7929,-26107,-3833
-8953,-28667,3079
-9464,-29947,7943
-9464,-30715,8455
-10232,-30715,14855
-10488,-29179,18951
-11000,-27387,21767
-12792,-26875,24583
-14072,-26363,27655
-15352,-24827,31239
-16632,-22523,-32249
-16376,-21243,-31737
-15864,-22523,-30201
-15352,-24059,-27385
-15352,-24571,-25593
-16632,-25851,-24313
-17144,-27387,-22777
-17400,-28667,-20217
-16632,-28667,-17657
-15864,-29435,-16377
-15864,-29691,-14073
-16376,-31739,-10745
-16120,-32763,-8441
-16120,31237,-6905
-16888,28933,-5625
-17912,26629,-2297
-18168,25605,519
-18679,24837,1799
-19191,24325,1543
-18935,22021,2567
-18935,22021,4103
-18423,23301,4359
-18423,25349,4103
-18423,26629,2823
-18423,27909,1543
-18167,30725,263
-17911,-30715,-2553
-17144,-27387,-5113
-15096,-23803,-8185
-14328,-19451,-11257
-14328,-15355,-15865
-13816,-12027,-19705
-12792,-10491,-23289
-12536,-8187,-27385
-12536,-5627,-31993
-12536,-4603,28935
-12792,-3835,25095
-12536,-2811,22023
-12280,-1275,19463
-12536,-763,16647
-13560,-763,14855
-13048,-1019,13575
-13304,-1275,11783
-13304,-1019,10759
-13048,-763,9735
-13816,-1019,9735
-13560,-1019,8711
-12792,517,7176
-11768,2309,6408
-10744,3077,5640
-9976,3845,5128
-9720,5125,4872
-9464,6405,4616
-9208,6405,4872
-9976,6405,4872
-10744,6405,4616
-11000,6661,3336
-10488,7173,2824
-9976,7173,2568
-11000,7173,2824
-11256,7173,3080
-11256,6661,2824
-9976,7941,3080
-8696,9477,2312
-8440,10501,1544
-8952,10757,776
-9208,10501,776
-9208,10245,1544
-9208,10757,1544
-9464,10501,1800
-9464,10245,1800
-9464,8453,1800
-9208,7941,3336
-8696,8197,5896
-8952,8965,6664
-9208,9989,5128
-9464,11269,-504
-10233,13573,-10744
-10489,18949,-27128
-10489,27397,17928
-10745,-25851,-4856
-9722,-11515,-26104
-8442,517,21001
-7162,5893,7945
-6394,7173,265
-7674,4101,-2807
-9723,-2555,-3832
-11515,-11259,-3576
-13051,-20219,-248
-14587,-28155,5128
-15098,29957,10760
-14330,22789,15880
-12282,18949,20232
-11258,18693,22024
-7930,18693,32008
-6394,18693,-26360
-4858,16133,-17144
-3578,11269,-6136
-3834,5893,5128
-4089,-1787,15367
-5113,-9467,24839
-6137,-13563,-31225
-6393,-16123,-22265
-6137,-18683,-14841
-6137,-22267,-8697
-6649,-24571,-2297
-7929,-24315,5127
-8440,-24315,9735
-9464,-25339,13319
-9976,-25339,17415
-11256,-24571,21767
-12024,-22523,25607
-12792,-21755,29191
-13560,-21499,32007
-13560,-20219,-30457
-13304,-19195,-27897
-13304,-18939,-26617
-13560,-20731,-24313
-13304,-22011,-23289
-14328,-24059,-18425
-15096,-24827,-16633
-15864,-26619,-15609
-16120,-28411,-13817
-16632,-29179,-12537
-16376,-29435,-12281
-16376,-30715,-11769
-17144,-31995,-9977
-17400,-31995,-7417
-17144,-31995,-5881
-17144,-32251,-5881
-17400,32517,-4601
-17400,32261,-3065
-17656,32517,-2297
-17144,-31739,-2553
-16632,-30203,-2553
-16120,-28667,-2553
-16120,-26107,-3833
-15864,-23291,-6393
-15608,-20475,-8953
-15608,-17147,-10489
-15864,-13307,-13817
-15608,-9723,-17657
-14072,-6395,-20729
-13304,-5371,-20985
-13048,-763,-27385
-12536,1797,-31736
-12024,3077,30216
-12024,4613,27400
-12280,5381,24840
-12024,6149,20744
-12280,6149,17928
-11512,6149,16392
-11256,6149,15368
-11512,6149,13064
-11000,5637,11528
-10744,4101,11272
-11256,2565,11272
-12280,1029,11272
-12280,773,11016
-11512,517,10504
-11512,5,10760
-11256,-251,10247
-11512,517,9224
-11768,2053,9480
-11512,2309,9224
-10744,2309,8200
-10744,3077,6920
-10744,4101,5640
-10744,4357,5384
-11000,4357,3592
-10744,4869,2568
-11256,5381,1544
-11256,6917,1544
-11000,7173,1032
-10744,6917,8
-9976,8197,-504
-9977,8709,-760
-10233,8709,-504
-10745,8965,-248
-10489,9221,-760
-10745,10245,-1016
-10745,10501,-760
-9977,9989,-1016
-9465,9733,-1784
-8953,9989,-2296
-8953,10501,-2040
-9209,11013,-2040
-9977,11269,-2296
-9977,11013,-1784
-10233,11013,-1528
-10233,10757,-2040
-9977,10757,-2296
-9977,10501,-2296
-10233,10245,-2040
-9977,9221,-2040
-9977,8709,-2040
-11001,8197,-1784
-11257,7941,-1528
-11001,7941,-1528
-11257,7941,-2040
-11257,7685,-2296
-11257,7685,-2296
-11513,8197,-1528
-11513,8709,-1528
-11513,9221,-760
-11257,8965,1288
-11000,9733,3080
-10488,12037,2568
-9464,14085,-4088
-9465,16645,-15608
-8953,23813,-31992
-6905,-30203,12552
-4601,-15355,-12024
-1274,773,28937
1030,15110,9737
4102,26118,-2295
5893,32006,-10231
6405,-32250,-14839
6917,-32506,-15607
6917,30982,-17143
6149,27142,-16631
4613,20998,-14071
4357,14854,-9463
4869,10758,-3575
6149,8710,521
7686,5894,3849
8198,3334,9737
8454,1286,18953
8710,-3066,28936
7686,-12538,-26360
5126,-24314,-14072
2566,29702,-760
1030,18950,10760
-1273,8709,20488
-3577,261,29960
-5113,-6907,-25593
-5625,-11259,-16633
-7417,-15867,-9209
-9209,-20987,-2041
-11001,-23803,5639
-11512,-23803,11783
-11768,-23547,15367
-13048,-24059,18695
-13304,-24059,20487
-15096,-22523,28167
-16120,-21243,30983
-16888,-20987,32263
-17400,-20475,-30201
-17144,-20219,-27641
-17144,-21243,-26105
-17400,-22779,-25081
-17144,-24827,-22009
-18168,-26619,-18169
-18680,-27899,-15609
-18680,-29947,-14073
-18936,-31995,-11769
-19448,30981,-7929
-19960,29445,-5625
-20472,27397,-4345
-20984,24837,-2553
-21752,22533,-761
-22264,21765,1031
-22519,20229,1543
-23031,18437,2311
-23543,17925,4615
-23287,18181,6407
-23543,17925,6151
-23543,18181,5639
-23543,19205,5895
-23031,23301,5639
-21751,25861,3591
-21495,27909,519
-21751,31493,-2041
-21496,-29947,-4089
-19704,-25851,-7417
-18680,-22011,-12281
-18168,-17659,-16633
-17656,-13051,-19705
-15864,-8187,-23801
-14840,-4603,-28665
-14328,-1019,31751
-14072,2565,28680
-12536,5125,25608
-11512,6149,22536
-11512,7173,19464
-11256,8197,17928
-11000,9221,16392
-11000,9733,14344
-11256,9477,12296
-11512,9477,11528
-11256,9733,11272
-11000,9733,9736
-10744,8965,8712
-10488,8965,8712
-11000,8197,9224
-10744,8197,9224
-11256,7941,9480
-11512,7429,9480
-11000,7429,9224
-9976,7429,9736
-9976,7173,9992
-10488,6917,9480
-11256,6661,9224
-11000,6405,7432
-11000,6405,6664
-10744,6917,5384
-11000,7941,4104
-11512,8197,3080
-11256,8453,2824
-10488,9989,2568
-10232,10501,2312
-10232,10757,1288
-10744,10501,264
-11512,10757,520
-11512,10501,-248
-11513,11013,-1016
-11257,11013,-1272
-10745,11525,-1528
-11001,12293,-1528
-11257,13317,-1784
-10489,13061,-2296
-10233,12805,-2040
-10489,13573,-2040
-11001,14085,-2296
-10745,13829,-2040
-9977,13829,-2040
-9977,13573,-1272
-9977,13573,776
-9976,14341,2312
-10232,15109,1032
-9464,17413,-4344
-8697,22021,-15864
-7161,29189,-32760
-5881,-24827,10504
-3065,-9979,-13816
518,7174,28425
3846,22534,8457
5638,-32250,-4087
7685,-24826,-11511
8709,-21498,-15607
8709,-20986,-18679
7685,-22266,-19703
6917,-25850,-18423
6405,-27386,-17911
5125,28934,-9719
5125,23302,-5111
5637,20230,-759
6405,17414,3081
8198,14342,8713
8710,11014,16905
7942,5638,26889
6150,-3834,-27384
4102,-15098,-14840
1798,-27642,-2808
-762,26373,8456
-2297,17157,17672
-3321,8453,26888
-4345,2309,-29688
-5881,-3835,-20729
-7929,-10235,-12281
-10489,-15355,-3321
-12025,-18683,4359
-12792,-20731,10503
-13816,-21243,15623
-14840,-22267,20231
-15608,-22267,24583
-16632,-21499,28167
-16888,-19451,30983
-16888,-18683,31751
-17400,-18683,-30969
-17400,-18683,-29433
-17656,-18939,-27641
-18424,-20475,-26361
-18680,-21499,-23545
-18936,-23035,-20473
-19704,-24827,-18425
-20216,-26875,-15865
-20216,-29179,-12793
-20984,-31739,-10745
-21752,31749,-7929
-21752,29701,-5625
-22264,27653,-2809
-22520,25605,1031
-23031,24069,3847
-23031,23557,6151
-23543,22277,8199
-23543,21509,9479
-24055,21509,10759
-24567,21765,11271
-25079,22533,11527
-25079,25093,11271
-24823,27653,9991
-24567,30469,6151
-24311,31237,4615
-23287,-27131,-1529
-22776,-22011,-5881
-22264,-17915,-11257
-20984,-13819,-16377
-19448,-9211,-20473
-18168,-5883,-24569
-17656,-3323,-28409
-17656,-2043,32519
-16376,-251,29703
-15096,2309,26888
-15096,3333,23560
-14840,3845,20488
-14840,5125,18952
-13560,6405,17928
-12792,6661,15624
-12536,6661,12808
-12536,6661,12040
-12536,7429,11272
-12792,8197,10760
-12536,8453,8968
-12280,7941,8200
-11512,7173,8200
-11512,6917,7944
-11768,7173,6920
-11768,7173,6664
-12024,6405,6664
-12792,6405,6664
-13048,6661,6664
-13048,6405,6664
-12792,6405,5896
-12280,6661,5640
-12280,6661,6152
-12280,6149,7176
-12792,6149,7432
-12536,6917,7176
-12792,7173,7432
-12792,7173,7944
-13048,6917,7688
-12536,6917,7176
-12280,6661,6408
-12536,7429,5128
-12792,7685,3848
-12792,8197,2312
-12792,8197,1288
-12536,8453,776
-12792,8709,-504
-13561,8709,-760
-13817,7941,-760
-13561,7941,-760
-12793,7941,-1016
-12537,8197,-1016
-12793,8197,-1016
-13561,8197,-1016
-13561,8197,-1272
-13305,8453,-1016
-12793,8965,-1016
-12281,8709,-1528
-12281,8965,-1784
-11769,9221,-1784
-11257,9733,-2040
-11257,9733,-2296
-11257,9477,-2040
-11513,9477,-2296
-11769,9733,-1272
-12025,9221,-1016
-11001,8197,-1016
-10745,8197,-1272
-11769,8709,-1272
-12537,8709,-1016
-12537,8709,264
-12280,8965,1544
-11512,9221,1800
-11768,10501,8
-10744,14597,-6904
-9977,15877,-9976
-8441,26117,28168
-6905,-27643,5384
-4089,-11259,-18424
-250,6149,24073
3846,19718,5897
7174,29958,-5879
9221,-28154,-12279
10757,-24570,-16375
11269,-24570,-18679
10501,-27386,-19959
9221,-30458,-19191
8709,31238,-16887
8453,27142,-12791
8453,22790,-8183
8965,20486,-4343
10245,19718,-759
11269,16902,6665
10758,12550,15625
9734,6150,26121
7430,-3834,-27896
4870,-17146,-14840
3078,-31226,-1784
-250,20997,9736
-2809,11781,20744
-3065,8965,23816
-4345,-4347,-25593
-6137,-9723,-16633
-7929,-13819,-8441
-9977,-17659,-1017
-11513,-20731,6151
-12536,-22779,11783
-14328,-23291,16135
-14328,-23547,19975
-14328,-24315,24583
-14840,-24059,28423
-15864,-22779,31239
-17656,-21499,-32249
-18168,-20987,-29945
-18168,-21243,-28153
-18936,-22267,-26617
-18936,-23547,-24825
-19192,-24827,-23033
-19448,-25083,-20217
-19448,-26875,-18425
-19192,-28155,-16889
-19960,-30203,-14329
-20216,-32507,-11513
-20216,31237,-8697
-18936,29189,-6393
-18680,28421,-5625
-20216,25349,-761
-21496,23301,2311
-23031,21509,4871
-23799,19717,7175
-24567,18693,9479
-24567,18437,11015
-24055,18437,12039
-24055,18181,12295
-24055,18693,12039
-23799,20997,9479
-23799,23813,6919
-23543,27397,4359
-23543,31493,1031
-22775,-28411,-3065
-20216,-23547,-6905
-17400,-19195,-10745
-17656,-15867,-14841
-17400,-11515,-19193
-15864,-7931,-24313
-14840,-5115,-28153
-15096,-2811,-31481
-15096,-763,30215
-14328,1797,26632
-13816,3077,23560
-13560,3077,23048
-13560,5125,19720
-13304,6405,16904
-12792,6917,14856
-11768,6917,14344
-10744,7429,13832
-11000,7429,12808
-11000,7429,11016
-11000,6917,9992
-11768,6661,9736
-11768,6405,8456
-11768,6405,7432
-11512,6661,7176
-11512,6149,7176
-11512,6405,6664
-11768,6149,6152
-11768,6405,5896
-12024,6405,6664
-12536,6149,7176
-13560,4869,7176
-13304,4869,7432
-12792,5637,7944
-11768,7173,7944
-11512,7429,8200
-11000,7429,9224
-10488,7941,9992
-10744,10757,9224
-11512,13829,2568
-11768,17157,-10488
-12537,23301,-28152
-11769,-30715,16904
-8953,-16891,-5880
-6138,-2299,-29688
-4602,8965,17417
-4602,16133,5897
-4346,17413,777
-4346,14341,-3575
-5883,7173,-5111
-7675,-1531,-3320
-9723,-9723,776
-10490,-18427,6152
-10490,-27131,11272
-10234,31237,17416
-8954,28165,22792
-7674,25349,28680
-5626,23045,-30712
-4858,18693,-22008
-4858,11781,-9976
-4602,4101,1800
-4857,-4859,12551
-4857,-7931,15879
-6905,-16635,31751
-7161,-18427,-25849
-7161,-19707,-19705
-7417,-20731,-13305
-7417,-22011,-5881
-8441,-23035,775
-9464,-23291,6407
-11000,-23803,11527
-11000,-23803,16903
-11256,-23291,22791
-13048,-22779,26887
-15096,-21499,29447
-15608,-20475,-32249
-15608,-19707,-28921
-15864,-18683,-26873
-15864,-17659,-25849
-15352,-17659,-24057
-14840,-17915,-22265
-14840,-18683,-20985
-15096,-19963,-20217
-15608,-21243,-18937
-16376,-22779,-16633
-17912,-24571,-15865
-17912,-26107,-15609
-17656,-26875,-15609
-17400,-28155,-12793
-17400,-28923,-11001
-18168,-29947,-10233
-18168,-30715,-9209
-17656,-30459,-8185
-17400,-30203,-7161
-16632,-29691,-6905
-16376,-28667,-6649
-17144,-27131,-6649
-17656,-23803,-6905
-17400,-20987,-8441
-16888,-18427,-11257
-15608,-14843,-13305
-15608,-11771,-15353
-15608,-8699,-18681
-15608,-5627,-22521
-15352,-2299,-26617
-14840,773,-30200
-14072,3077,-32504
-13560,4613,29960
-13048,5637,26888
-13048,6149,24840
-13560,6149,23304
-13304,6661,20232
-13304,6917,18952
-13304,7173,16136
-13304,7429,15880
-13048,6661,14856
-13816,5125,14088
-14072,4357,13832
-13816,4357,13576
-13304,4613,13320
-12536,4357,12808
-12280,3845,12552
-13304,2565,12808
-14328,2309,11784
-14584,2309,9224
-14328,2309,7432
-13816,2565,6920
-13560,2565,6408
-13816,2821,5128
-14072,2821,3848
-14072,2565,3592
-14072,3589,2824
-13560,5125,1800
-13304,5637,776
-12280,5381,1032
-11768,5637,776
-12024,7173,-248
-12025,7685,-248
-12793,7685,-1272
-13049,7941,-2296
-13049,8709,-3064
-12537,8453,-3064
-12537,7429,-3576
-12025,6405,-3576
-12025,6405,-3320
-12281,6405,-3064
-12537,5893,-2808
-13561,5381,-2296
-13817,5637,-2040
-13561,5637,-1272
-13049,5381,8
-13048,5381,2056
-13048,5893,2824
-12792,7685,520
-13048,11269,-7160
-12281,16389,-19960
-12281,23813,28680
-12025,-29435,7688
-11001,-13563,-14840
-7674,2053,29193
-4858,12549,13321
-4346,17413,3593
-4602,19205,1289
-7674,15109,-3575
-9979,8197,-3575
-11771,-1531,-1784
-13051,-9467,2312
-13050,-16891,8456
-13306,-24571,13832
-13306,-31227,18184
-13050,31749,22536
-11770,31749,27144
-9722,31493,-32760
-8186,29189,-25080
-7674,24069,-15352
-6394,17925,-5112
-5114,11013,5896
-5113,1797,16136
-6393,-6907,25351
-7161,-11515,-31225
-6905,-15099,-23289
-7161,-19451,-15865
-7417,-23547,-8697
-8441,-25595,-2041
-8441,-26107,4103
-8440,-26619,9479
-8952,-27131,13575
-9464,-27131,15111
-11512,-25595,21767
-12024,-24571,26119
-13048,-23803,29703
-14328,-22523,32263
-14584,-20987,-30969
-14584,-20475,-28665
-14072,-20475,-26873
-13816,-20987,-25337
-13560,-21499,-22777
-14840,-21755,-20985
-14840,-22011,-18425
-14840,-23547,-16121
-14584,-25339,-13561
-14328,-27131,-10489
-15096,-28923,-7161
-16376,-30971,-4345
-16376,32517,-1785
-16632,30725,1287
-17143,29701,3591
-18167,28165,5639
-18679,26373,8199
-18167,25861,10247
-18423,25861,11015
-18679,25605,11015
-18423,25605,10759
-18423,27909,7943
-19447,29701,6407
-19447,31749,4615
-18167,-31995,1287
-16887,-28155,-2553
-16120,-23547,-6393
-16120,-19707,-9977
-15352,-16123,-13817
-14328,-11771,-18937
-14584,-7675,-23545
-14584,-5115,-27897
-13304,-2811,-31737
-11768,5,29960
-11000,2821,25864
-11000,4613,23048
-10488,5637,20744
-9720,6405,18184
-9208,7429,15368
-9208,8453,13576
-9208,8197,11784
-7672,8453,10760
-6648,9221,9736
-7160,9989,8456
-7416,9989,8456
-7160,9989,8456
-7416,11269,6920
-7672,12037,6664
-8696,12037,5896
-8696,12293,5384
-8440,12549,4872
-8696,12293,4616
-8696,12293,4616
-8440,12037,4616
-8440,12037,4104
-8184,12293,3080
-8440,12805,3336
-8440,13061,4104
-8184,13061,4616
-8184,13061,4360
-7928,13061,4616
-7416,13317,4360
-7416,13317,3592
-7928,13573,2568
-8440,13573,2056
-9208,13829,776
-9208,15109,-504
-8441,16645,-2552
-7417,17669,-4344
-6649,18949,-6136
-6649,20229,-6904
-4857,26885,-11000
-3065,31749,-14328
-1017,-28411,-18424
1031,-21754,-23032
3591,-13562,-28152
6919,-5370,32008
10503,4358,25353
13063,16646,13321
16135,31238,-4599
20486,-17146,-28151
25094,2054,12298
28934,21766,-12022
31749,-24314,-31222
-31995,-6394,20490
-31227,6662,13067
-31995,16390,10251
-32763,25862,11275
30213,32518,15627
28165,-29178,23563
26629,-27130,-32757
24837,-27386,-23541
22789,31238,-12021
21765,15878,3083
19974,-6138,20746
19206,-13050,26122
13062,4614,-5878
8710,-25338,13833
4871,13062,31241
775,-10490,-19960
-4089,-31995,-8184
-8953,12805,3080
-12792,-5883,12807
-15608,-19451,20231
-18424,-28667,24839
-19960,30725,28935
-20472,25349,31495
-20472,22533,32519
-21240,20741,-32249
-23032,17413,-30457
-23544,13573,-27129
-25080,9989,-25337
-25848,7941,-24313
-27640,4613,-23289
-27896,261,-21497
-28152,-3323,-20218
-29176,-5883,-18938
-30200,-9723,-16890
-31480,-14331,-13562
-31992,-19195,-10234
-32504,-19963,-9722
31240,-26363,-5114
30216,-31995,-2298
29960,28933,1030
30217,25093,3078
29705,21765,4870
28937,17413,7430
29193,12805,9990
29449,9221,10758
29705,6917,11526
29193,4101,12294
28937,2053,13318
28937,1285,13318
29449,2821,11270
29449,4101,8710
30473,6149,7174
31753,9477,5126
-32247,14597,1798
-31479,18949,-2042
-29944,24581,-5370
-28920,30725,-8186
-27384,-28411,-11514
-26616,-22011,-15866
-26104,-16123,-19450
-25080,-10491,-22010
-24568,-7931,-23034
-23032,2565,-29433
-22520,7685,-31993
-21240,12037,31495
-20472,16901,28679
-18936,21509,26375
-18936,24837,23815
-18936,27141,22279
-18680,29957,21511
-18936,32517,19463
-18680,-31227,18183
-18424,-29691,17927
-18936,-27643,16903
-18936,-25083,15111
-18424,-23803,13319
-17656,-22523,13319
-17144,-20475,13319
-17144,-17915,12295
-16888,-15867,10503
-15352,-14075,9479
-14584,-12027,8967
-13816,-8955,7431
-13304,-5883,5639
-12536,-4091,4871
-12792,-2299,5127
-13048,-1019,4871
-13304,2053,3336
-13048,3077,2312
-11512,4357,2568
-10744,6149,2056
-11000,7173,1800
-10744,7685,2312
-11000,8453,3848
-10488,9733,2824
-9464,13317,-3832
-8185,18949,-17912
-7161,27653,29448
-4345,-23547,7432
-249,-6651,-17912
3078,10246,22793
6150,25094,4361
8710,-28666,-6647
9989,-20986,-13815
10501,-17914,-19447
10757,-17914,-22519
10245,-19194,-22519
8965,-21754,-20215
7941,-27386,-17399
7429,30982,-12535
7173,25350,-6647
7173,24070,-3831
9221,18438,4873
9478,14598,11017
9478,10246,19721
7942,4102,30473
6662,-5626,-24568
4614,-17658,-13560
1798,-29946,-1272
-1530,24837,10760
-3065,15365,21000
-4345,7173,29448
-5369,517,-26616
-7161,-5371,-16889
-9977,-10747,-7673
-12025,-16379,-249
-13305,-19963,6919
-14584,-21243,14087
-14840,-20987,18695
-16376,-22523,22023
-16632,-22523,25351
-16888,-21499,30215
-17656,-19195,-31737
-17912,-17403,-29689
-17912,-17659,-28409
-18168,-17915,-25593
-18168,-18171,-24057
-18424,-18939,-21241
-18936,-20475,-19961
-19192,-22011,-17657
-18936,-23803,-14841
-18424,-24827,-12793
-18424,-26363,-11001
-19704,-28923,-8697
-20728,-30203,-5625
-20472,-30715,-4089
-21240,-32251,-2297
-20984,32005,263
-21751,30981,2567
-22519,30725,4359
-22775,30725,5127
-22775,31493,5895
-22775,-32507,7175
-22263,-29435,7175
-21495,-26875,5383
-20727,-23803,2567
-20983,-20219,1287
-20727,-15611,-761
-19192,-11259,-5369
-17400,-7419,-11001
-16888,-4347,-15353
-16888,-2811,-16121
-15864,4101,-24056
-15096,6661,-29176
-14840,8197,32264
-14328,9989,29704
-13816,11525,26120
-13304,12037,21768
-12536,12549,18696
-12024,13317,16904
-12024,15109,15112
-11512,15621,11528
-10232,15365,9736
-9720,15365,9736
-9720,15621,8968
-9464,15365,6920
-9208,14597,5896
-10488,14341,6152
-11000,14085,6664
-10744,13573,6152
-10488,12549,5128
-10744,12549,4616
-11000,12549,4616
-10744,12037,4360
-9976,12037,4616
-10232,12037,3848
-10232,11781,3336
-9976,12293,3080
-10232,12293,3336
-10232,13061,3336
-10488,13061,3080
-10488,13061,2824
-10232,13061,2824
-9720,13573,3080
-8952,14085,2824
-8696,14341,3080
-8696,14341,3080
-8440,14597,2824
-8440,14597,2824
-8184,15109,3336
-8696,15109,3592
-9208,14597,3336
-9720,13317,2312
-10232,12549,776
-10232,12549,-248
-10489,12549,-760
-10233,11781,-760
-9209,11781,-1016
-9465,11781,-2296
-9721,12037,-2552
-9465,12037,-3320
-9721,12293,-3576
-9977,12549,-4600
-9977,12293,-5112
-9209,12549,-4856
-8697,12549,-5368
-8441,12549,-5880
-8441,12293,-5880
-8697,12549,-5368
-8697,12549,-4344
-8953,11525,-4600
-9209,10757,-4344
-9209,10757,-2808
-8953,11013,-1016
-8697,11781,-504
-8697,13573,-4344
-8185,16901,-12792
-6649,23045,-26616
-4857,-32251,18440
-3065,-19195,-4856
6,-2810,-28920
3846,13318,15113
6918,26374,-759
8197,-30202,-10487
9221,-26106,-16119
9221,-24826,-19191
9477,-24570,-19959
9733,-27130,-20983
8709,-31226,-19191
7685,28422,-15095
7941,23558,-9719
8965,19206,-4599
9989,15878,9
11014,13062,6153
11014,10502,15113
11270,6918,25097
10502,-1274,-29432
8454,-13050,-16888
5382,-24826,-3832
2822,28934,7944
1031,17926,18184
-1273,8197,26632
-4089,773,-30200
-5369,-4603,-21753
-6649,-9467,-13817
-8185,-14075,-6649
-10489,-18427,1031
-11768,-19707,7175
-11768,-20987,12039
-12280,-22011,16135
-14328,-23035,19975
-15096,-23291,21767
-16632,-21499,27655
-16888,-20219,30471
-17912,-19963,32519
-18936,-20219,-30969
-19192,-20219,-28665
-18424,-20987,-27385
-17912,-23035,-25593
-17912,-23291,-23289
-17912,-24059,-21753
-18168,-25339,-20217
-18424,-26875,-17913
-18424,-28411,-14585
-18680,-29691,-12281
-19448,-31227,-9721
-20216,32005,-7417
-22008,29445,-4857
-22264,28165,-2553
-22520,26117,-249
-22776,23301,1031
-23287,21509,3591
-23543,21765,5383
-23799,21765,6151
-23799,21509,6407
-23799,22789,6407
-23543,24325,6663
-23543,28933,5639
-23543,31493,3335
-23287,-31483,519
-22007,-27387,-2297
-20728,-23035,-4857
-19960,-19963,-8697
-18936,-17403,-12281
-17656,-13307,-15865
-17656,-10235,-20217
-16888,-7419,-25081
-16376,-5371,-30457
-15352,-2811,30471
-14584,5,27400
-14328,1029,23816
-13560,773,20488
-13816,1029,17672
-13048,2565,16648
-12280,3333,15112
-11768,3077,12808
-11768,2821,11272
-12024,2821,10760
-11768,2821,10248
-11768,3077,8968
-12536,3333,8200
-12536,3333,8200
-10744,4101,8200
-10488,4613,7944
-10232,4869,6664
-10744,4613,6408
-11000,4101,7176
-11000,4101,8200
-11000,3845,8200
-11000,4101,8200
-10744,3845,7944
-11256,4101,6920
-11512,6405,6152
-11768,8965,6920
-11000,11525,7944
-9208,14085,7176
-8952,16901,776
-10744,21509,-12024
-9977,29445,-29944
-7929,-24827,15368
-5625,-10235,-7160
-4346,5381,-29687
-3834,16645,17929
-3066,21509,6665
-1018,22789,-503
-1275,20997,-5367
-2299,20229,-6391
-6651,6149,-6135
-6907,-3067,-2808
-7675,-9467,1288
-7930,-16635,5128
-7162,-23035,9992
-4858,-27131,15368
-2298,-29435,21000
-1786,-31227,27144
-2298,28677,-28408
-2042,18693,-16120
-2042,8965,-3832
-3322,261,7176
-5369,-8443,18439
-6137,-14075,28679
-6137,-16123,-28665
-5881,-16635,-22009
-5625,-19451,-14841
-6137,-22523,-6905
-7417,-23547,519
-8184,-23291,5895
-8440,-22779,10503
-8952,-22779,15367
-9976,-22779,19975
-11768,-22267,23559
-12280,-22011,24327
-14328,-18939,29447
-15096,-16891,32263
-16120,-16379,-31993
-15864,-15867,-30969
-15864,-16123,-28409
-15096,-15867,-26617
-14584,-17659,-24569
-14328,-18939,-23545
-14584,-18939,-20985
-15352,-18939,-17401
-15608,-19963,-14329
-15096,-21243,-12281
-14584,-22523,-10233
-14584,-23291,-7417
-14584,-24059,-5369
-15096,-25851,-4089
-16120,-26363,-2553
-16632,-26619,-249
-16888,-26107,519
-16887,-25851,519
-16887,-24571,-1017
-17912,-22523,-2809
-17912,-19963,-4857
-18168,-17147,-7161
-18168,-16635,-8185
-16632,-10747,-14073
-15096,-6907,-17145
-13816,-3835,-20985
-13560,-1787,-25081
-13304,773,-28664
-13048,3077,-31480
-13048,4357,31240
-13304,5381,27400
-13816,5893,24840
-13816,7941,21768
-13816,8965,19464
-13560,9989,17160
-12792,10501,14344
-12024,12293,12552
-10232,13061,11016
-8952,12805,9480
-10232,11781,8200
-11512,10757,7432
-11512,10245,7176
-11256,9989,6664
-10744,9989,5640
-10488,9221,5128
-10744,8965,5128
-10744,8197,4872
-11000,7941,4360
-11768,6917,4104
-11768,6917,4104
-11000,6917,3848
-10232,7685,3080
-10232,8453,3080
-11000,8453,3592
-11768,8453,4616
-11768,8709,4616
-11512,8965,4616
-12024,8709,4360
-12280,8965,4616
-12024,9221,4360
-12536,8453,2312
-12280,8197,264
-12024,8197,-248
-12537,7685,-248
-12025,8197,-504
-11769,8453,-248
-10489,8965,264
-10744,9477,-248
-11769,11269,-6136
-13305,13829,-18168
-13561,18437,31240
-12025,29445,12808
-11513,-31227,6408
-8185,-3067,30984
-6138,9989,11785
-5114,17925,1545
-4858,20485,-4855
-5115,18949,-9463
-5115,14341,-12023
-6907,5893,-11511
-9467,-2811,-7160
-10491,-11771,-1784
-11003,-20987,5640
-12026,-29179,14600
-12026,32517,23048
-10234,32517,29192
-6906,32261,-31224
-6138,29701,-23288
-5882,24069,-13816
-5882,17413,-3832
-4346,10245,5384
-4089,1285,15112
-5625,-6651,26631
-6649,-11771,-29689
-6905,-15611,-22521
-7161,-20219,-15865
-8185,-25083,-7417
-8185,-25595,-4601
-9721,-27899,5895
-10488,-28923,11015
-10744,-28923,16903
-10744,-28923,22023
-11768,-28411,26119
-13560,-26875,29447
-14840,-26619,-31481
-14840,-25851,-28409
-15096,-24315,-28409
-14072,-22779,-28921
-14584,-23291,-28665
-14584,-25339,-26105
-15864,-27643,-23545
-17144,-28667,-20985
-16888,-29179,-18681
-16632,-30971,-16121
-16632,-32507,-15097
-15608,-32507,-14585
-15096,-32507,-13049
-15096,32517,-10233
-15864,30469,-7929
-17912,28421,-6137
-17912,28165,-4089
-16376,28421,-1785
-15352,27909,-761
-16632,26885,7
-17655,27653,-249
-17400,29957,775
-15607,32005,775
-14839,-31995,-505
-14072,-29435,-2553
-14328,-26363,-5625
-13816,-21755,-8441
-14072,-18683,-11513
-14072,-15099,-16377
-13816,-10491,-20729
-13560,-6139,-23801
-12792,-3323,-27129
-12024,-1019,-31225
-11768,2309,30216
-10744,5637,26632
-10744,6661,24072
-9720,7429,21256
-9208,8965,17928
-9208,9477,15112
-9464,9477,13832
-9208,9221,12552
-9976,8453,11016
-11000,7941,10504
-11512,7941,10760
-11000,6917,9736
-10488,6661,8712
-11256,5381,8968
-11768,4613,9224
-13048,3077,8456
-13048,2565,6664
-12792,2309,4616
-12536,2309,4104
-12280,2565,3848
-12536,4101,2824
-12280,5125,2056
-12536,6149,1288
-11768,6149,1288
-11256,6917,1032
-11256,7429,1288
-10488,8197,520
-10488,8709,-504
-10489,9989,-760
-10489,10757,-1016
-9977,10757,-1016
-9721,11013,-1272
-9721,11269,-1272
-9465,11525,-1016
-9977,11525,-1528
-10233,11781,-1528
-9977,12037,-2296
-9721,12037,-2552
-8185,11781,-2808
-7929,11781,-2552
-9209,11269,-2552
-9209,10757,-2808
-9465,10245,-1528
-9209,10245,8
-8952,11781,520
-9208,14597,-2040
-9977,16389,-8440
-9977,18693,-20216
-10489,24837,28680
-9721,-29179,8456
-9209,-15867,-14072
-7418,-3323,30728
-6394,5637,15881
-5882,9989,6409
-6650,8965,2569
-8442,3333,521
-11514,-5627,520
-13562,-13819,2568
-14330,-21499,6664
-14074,-29179,11784
-14074,-32507,13576
-11770,25861,20488
-9466,25861,23560
-7674,25349,27656
-5882,25093,-32504
-4090,24581,-26104
-2554,21509,-16888
-2298,15621,-5112
-4090,7685,5896
-6905,-763,15623
-7417,-6651,25095
-7417,-11259,-31737
-6649,-15867,-23289
-6649,-18939,-16377
-5369,-20475,-9977
-5369,-22011,-3065
-7673,-24571,3079
-9464,-25595,7943
-9208,-25339,11783
-9208,-24827,16135
-9720,-23547,20231
-11256,-23035,24071
-11768,-21243,27911
-11768,-19451,30215
-11768,-18427,-31993
-11512,-18427,-30969
-13304,-18683,-29433
-13560,-18939,-27897
-13304,-19707,-26105
-12792,-21499,-24057
-13048,-22779,-22265
-13048,-23803,-20217
-13304,-25339,-17657
-13816,-27899,-15097
-14840,-29947,-12537
-15864,-31227,-10745
-16376,32261,-8441
-16632,30981,-5369
-16632,30469,-3065
-16632,30213,-1529
-16632,29957,7
-16631,30213,1287
-16887,29957,1543
-16375,29957,1543
-16119,31493,1799
-16119,-31227,1543
-16375,-28411,-505
-15608,-26363,-4601
-14840,-23291,-7929
-13560,-18683,-11001
-13560,-17147,-12025
-13560,-12283,-19193
-12536,-8699,-23545
-12024,-4859,-26361
-12024,-2043,-29689
-12280,-1019,31495
-12280,-251,27911
-11768,2309,25608
-11512,4357,23304
-10744,4869,19976
-10232,4869,16904
-10232,5893,15368
-10488,6917,14600
-10232,6917,13064
-9720,6149,10504
-9976,6405,9480
-9976,6149,9224
-10488,5637,8712
-10488,5637,6920
-10232,5381,6664
-10488,4613,6408
-10488,4101,6408
-10488,3845,6664
-11256,3333,6664
-12280,3333,6408
-12536,3077,6152
-12280,4357,5896
-12024,5893,5384
-11256,7173,4872
-10488,7685,4360
-10488,8453,3848
-10232,9477,3848
-10744,10501,3592
-10744,10757,3592
-9976,10757,4104
-9464,11781,4360
-9208,12037,4360
-9720,12293,4872
-9720,13317,6152
-9720,14853,6408
-9720,16389,1800
-10488,18437,-7928
-11513,21765,-22776
-12025,29957,24840
-10745,-24315,3848
-8185,-10235,-19192
-6394,1285,25353
-4602,9477,11785
-3322,12549,4105
-2810,9221,265
-2810,7173,-1527
-6139,-5883,-2296
-7931,-14075,8
-8442,-21499,3080
-8698,-29435,7688
-8442,28933,12808
-7162,25349,18184
-5626,24581,22280
-2810,24325,27144
-1018,24325,-31992
6,24070,-23032
6,20486,-12536
6,14342,-2040
-1274,7685,8456
-3321,2053,18952
-4089,-1787,27911
-4345,-5115,-30201
-4601,-7419,-23033
-4601,-8443,-15353
-6393,-9979,-7161
-7673,-12027,-249
-8185,-13563,5895
-7928,-14075,11527
-7416,-15099,16903
-7672,-16379,20999
-7928,-17147,22279
-10232,-17659,29703
-11256,-17403,-32249
-11000,-17147,-29177
-11000,-16635,-27129
-12280,-16635,-24825
-12536,-17659,-22521
-12280,-19707,-20473
-13304,-21755,-19193
-14072,-22523,-18169
-14328,-23547,-15609
-14840,-26363,-14073
-14584,-28155,-12793
-15352,-29435,-10489
-16632,-30459,-7673
-16376,-31739,-5113
-16120,32261,-3577
-16632,31493,-2041
-17912,31237,263
-17655,30469,2311
-17399,29957,2567
-17399,29957,2567
-17399,30981,3335
-17399,32261,3591
-17655,-30971,3335
-17143,-29947,2567
-17399,-25339,-1273
-16888,-22011,-3065
-16632,-18939,-5881
-15352,-14587,-9209
-14072,-10235,-14073
-13048,-6139,-17913
-12792,-2299,-21497
-12536,2309,-26360
-11768,6149,-31224
-11000,8965,30472
-11000,11269,27656
-10488,13061,24072
-9208,14341,20744
-8184,15109,17928
-8184,15109,15624
-7928,15621,13576
-7672,15877,11272
-7160,15877,9224
-7416,15365,8456
-7416,14853,7944
-7672,14341,6408
-7928,13573,5896
-7928,13317,5640
-7672,12805,6152
-7672,12549,6152
-8440,11781,6152
-8696,11525,5896
-8696,10757,6152
-8440,10245,5896
-8184,9733,5640
-8440,9733,4616
-8696,9477,3080
-8440,9733,2568
-8952,9989,2824
-9464,11269,1800
-9464,11525,1288
-9208,11781,1032
-8952,12549,1288
-8184,13573,2824
-7928,14085,3336
-7928,14853,1288
-7672,17669,-5880
-7161,23301,-18936
-5881,32517,26888
-3577,-19707,4360
-1017,-3835,-20216
2054,13318,22793
4870,27910,5641
6918,-28154,-4855
7429,-26106,-7415
8709,-20986,-15095
8709,-20730,-18167
8453,-23802,-18167
7941,-28410,-16119
6917,32006,-13303
6917,27142,-8439
7685,21254,-2807
8709,17670,1545
9222,15366,5897
10246,13574,13065
10502,9990,22537
10502,2566,-32759
9222,-6138,-20984
7174,-15354,-8696
3846,-25338,3592
775,30726,14600
-1017,21765,24328
-1785,15365,-31736
-3577,8709,-21752
-4857,5,-12280
-5625,-7163,-3321
-7161,-11771,4615
-8696,-14843,12039
-9976,-17403,18439
-10232,-19195,19975
-12536,-20731,27655
-14328,-20475,32263
-15352,-21499,-29433
-15864,-22011,-27897
-15864,-22267,-27129
-15864,-22523,-26105
-16888,-23803,-24057
-17400,-26363,-22777
-17400,-28411,-21497
-17912,-29435,-19705
-18680,-29691,-17145
-18680,-31739,-15097
-18424,32005,-13561
-17912,31749,-11513
-18168,31749,-8697
-18936,30469,-6905
-19704,27909,-5113
-19448,26629,-2809
-19704,26373,-1017
-19960,26373,1543
-19959,25605,2823
-19959,25605,3335
-19703,27141,3847
-18935,30469,3847
-19191,30725,3335
-19191,-30971,775
-17911,-27131,-2041
-17144,-22011,-4089
-16376,-18427,-6905
-16120,-15355,-10489
-15608,-11515,-14585
-14584,-6907,-18169
-13816,-2811,-21753
-13560,-763,-25849
-12792,1797,-30456
-11256,5637,32008
-10744,7173,29448
-10744,7429,26120
-9720,7941,23816
-9720,8965,22024
-9208,10501,19976
-9720,9989,18440
-9464,8709,16648
-9720,8965,15368
-9720,8709,14856
-9720,8709,14344
-9976,7429,12552
-10488,6661,10760
-10488,6661,9992
-10488,6661,9480
-10488,7173,7176
-10232,7941,6408
-10232,8709,5896
-10232,9221,5128
-10232,10245,4360
-10232,10501,3080
-10232,10757,2824
-10488,11013,2824
-10488,11525,2568
-9976,12293,1288
-9464,12549,1288
-9720,13061,1288
-9976,13573,520
-9208,14341,-760
-8953,14597,-760
-8953,15109,-760
-8953,15877,-760
